Battery,FromToID,n_cycles,total_NPV,total_EUR
Nabiye 11-23,ABWI105110806603W400,1,42149818.44586458,125966.5114926602
Nabiye 11-23,ABWI119120806603W400,1,37372797.19138293,110596.60424770792
Nabiye 11-23,ABWI110131706603W400,1,36486749.27759968,107094.11979933128
Nabiye 11-23,ABWI103032006603W400,1,21706870.48545178,64683.60095152616
Nabiye 11-23,ABWI112131706603W400,1,21486217.165621787,61997.11327785375
Nabiye 11-23,ABWI115131706603W400,1,21355944.29717508,60630.79137770542
Mahihkan Battery 02-21,ABWI106121006604W400,1,17833146.93597684,50070.6510063476
Nabiye 11-23,ABWI104032006603W400,1,15007931.558603406,42144.60209007758
Mahihkan Battery 02-21,ABWI108041006604W402,2,14663816.361650206,41058.833873460506
Mahihkan Battery 02-21,ABWI107121006604W402,1,13620218.463617697,40670.0357748292
Mahihkan Battery 02-21,ABWI103130906604W400,2,12430227.827223051,34508.61281434977
Mahihkan Battery 02-21,ABWI107140306604W400,2,11510313.263430443,33128.79680358854
Mahihkan Battery 02-21,ABWI106150406604W400,1,11435650.669516753,32025.235019612846
Mahihkan Battery 02-21,ABWI102011506604W402,2,11074510.185676226,32561.373686404782
Nabiye 11-23,ABWI100152606603W400,3,10852432.450555809,29715.311344331818
Mahihkan Battery 02-21,ABWI109051006604W400,1,10353685.58320384,29050.0298183512
Mahihkan Battery 02-21,ABWI103020906604W400,2,9810512.418046776,25861.618870670827
Mahihkan Battery 02-21,ABWI104121006604W400,2,9368893.304534504,25914.888922455553
Mahihkan Battery 02-21,ABWI102100406604W400,1,9092354.156516224,25151.604357385226
Mahihkan Battery 02-21,ABWI109150406604W400,3,8820239.3739372,22863.95382293953
Mahihkan Battery 02-21,ABWI113051006604W400,2,8256451.754215973,21106.15616911267
Mahihkan Battery 02-21,ABWI102161006604W400,3,8242908.050867794,23671.421942365694
Mahihkan Battery 02-21,ABWI107051006604W400,1,7913669.296606869,22080.669013255923
Mahihkan Battery 02-21,ABWI100100406604W400,1,7774272.214195452,21780.40636967233
Mahihkan Battery 02-21,ABWI102101506604W400,2,7663919.872794744,23112.333936052906
Mahihkan Battery 02-21,ABWI100021506604W400,1,7572020.27654455,22955.2468382015
Mahihkan Battery 02-21,ABWI105051006604W400,3,7571961.174484479,20463.924470506005
Nabiye 11-23,ABWI100091406603W400,3,7557609.186636629,21233.41192721026
Mahihkan Battery 02-21,ABWI100161006604W400,2,7362284.330171656,21607.24119576041
Nabiye 11-23,ABWI102112306603W400,2,7290793.7815547325,20519.693674904287
Mahihkan Battery 02-21,ABWI111051006604W400,1,6832444.310773395,19304.02378895752
Nabiye 11-23,ABWI102103506603W402,2,6803675.117042312,17329.61305210258
Mahihkan Battery 02-21,ABWI107150406604W400,2,6702857.783224046,17072.416695863798
Mahihkan Battery 02-21,ABWI104051006604W400,3,6557363.601512642,18856.845258385078
Mahihkan Battery 02-21,ABWI102142906604W400,3,6471440.819449052,19344.446161868214
Mahihkan Battery 02-21,ABWI102051606604W400,2,6448372.2530977065,17466.500455839614
Mahihkan Battery 02-21,ABWI102160406604W400,2,6445448.604933817,19367.64398698519
Mahihkan Battery 02-21,ABWI110051006604W400,1,6259742.649275186,17721.437898426037
Nabiye 11-23,ABWI100153506603W400,2,6130796.038875709,16871.579388179394
Mahihkan Battery 02-21,ABWI102091006604W400,1,6046006.184345901,16961.58055863584
Mahihkan Battery 02-21,ABWI106141506504W400,2,5937249.213294888,18639.638229648743
Nabiye 11-23,ABWI102153506603W400,2,5802675.817113749,16347.835267273167
Mahihkan Battery 02-21,ABWI106041006604W400,2,5755727.049280815,16510.244178699722
Mahihkan Battery 02-21,ABWI100130306604W400,2,5679796.795912506,17557.833411453197
Mahihkan Battery 02-21,ABWI100102006604W400,1,5619279.927911142,17053.853073717928
Nabiye 11-23,ABWI100113106602W400,3,5551080.876058998,16967.21925738292
Mahihkan Battery 02-21,ABWI100033206604W400,1,5408793.91968128,15329.780567706975
Nabiye 11-23,ABWI102151906602W400,3,5365522.841948365,15467.821746976017
Nabiye 11-23,ABWI102150706602W400,2,5327352.3534676,14967.612187806855
Mahihkan Battery 02-21,ABWI100043406504W400,1,5295598.215428926,14322.86246719133
Nabiye 11-23,ABWI100112606603W400,2,5222695.87503676,14925.009521387914
Mahihkan Battery 02-21,ABWI113030306604W402,2,5126765.034768144,15252.880179132891
Mahihkan Battery 02-21,ABWI112051006604W400,1,5106176.33534391,15456.90047561447
Nabiye 11-23,ABWI102070106603W400,3,5048886.149590655,14964.292537225265
Nabiye 11-23,ABWI100062306603W400,3,5033381.39341382,14016.889345872854
Nabiye 11-23,ABWI102082606603W400,2,5023635.871322115,13510.398073686547
Mahihkan Battery 02-21,ABWI102131506504W400,1,4962661.46412511,16518.541291664893
Nabiye 11-23,ABWI100162506603W400,3,4742629.494199698,13425.627873042627
Mahihkan Battery 02-21,ABWI104080806604W400,2,4740520.913290192,14362.749127320913
Nabiye 11-23,ABWI100070106603W400,3,4700302.583111174,14169.502260155583
Nabiye 11-23,ABWI102151406603W402,3,4669200.476328257,14000.35911058968
Nabiye 11-23,ABWI102071806602W400,2,4641275.34332025,13047.6967270537
Mahihkan Battery 02-21,ABWI100112906604W400,3,4596340.0192246605,14001.994874931346
Nabiye 11-23,ABWI102062306603W400,2,4594914.347158862,11469.258772015168
Mahihkan Battery 02-21,ABWI102041606604W400,1,4585775.811458638,13072.663014401016
Nabiye 11-23,ABWI105023506603W400,3,4574751.5478233015,10815.09794272634
Mahihkan Battery 02-21,ABWI105120306604W400,3,4541691.016847607,14783.0947795705
Mahihkan Battery 02-21,ABWI104102206604W400,2,4533478.326159986,13460.118286011784
Mahihkan Battery 02-21,ABWI102150406604W400,3,4490857.002941746,11478.090489809685
Mahihkan Battery 02-21,ABWI105120406604W400,1,4480718.68694097,12200.016237145226
Nabiye 11-23,ABWI100051306603W400,2,4447432.193495495,13160.303500483664
Mahihkan Battery 02-21,ABWI100010806604W400,2,4408420.165064629,13068.654209041328
Mahihkan Battery 02-21,ABWI100090806604W400,2,4369515.50355105,13094.828180478948
Mahihkan Battery 02-21,ABWI107123506504W400,2,4341445.284980862,13661.420329111295
Nabiye 11-23,ABWI104082506603W400,2,4321531.632914135,12280.376471359938
Nabiye 11-23,ABWI100142606603W402,1,4230788.703225574,11497.822263001512
Mahihkan Battery 02-21,ABWI104040306604W400,2,4216076.239547649,12607.218786002155
Nabiye 11-23,ABWI100062606603W400,2,4190456.9334636265,12296.262389561169
Mahihkan Battery 02-21,ABWI109152706504W400,1,4126053.864979192,13105.250399233206
Nabiye 11-23,ABWI100070706602W400,2,4098424.4842443,11740.349059023523
Nabiye 11-23,ABWI100161306603W400,2,4075967.800857444,11676.789906451035
Mahihkan Battery 02-21,ABWI107041006604W400,1,4009610.88475104,11314.89216919406
Nabiye 11-23,ABWI103073506603W400,2,4008580.0421221815,10696.738714849485
Mahihkan Battery 02-21,ABWI102121006604W400,3,3979638.711884649,12111.63754666757
Nabiye 11-23,ABWI100101806602W400,1,3969152.6948986626,11940.501823420129
Mahihkan Battery 02-21,ABWI105130306604W400,2,3965277.6702553118,12280.084507252635
Nabiye 11-23,ABWI104092506603W400,3,3952050.0837021153,10378.962742838992
Mahihkan Battery 02-21,ABWI110113406504W400,2,3948637.3601178573,12397.145288170253
Nabiye 11-23,ABWI100112306603W400,3,3886399.442743548,11634.594134573588
Mahihkan Battery 02-21,ABWI108051006604W400,1,3877100.93213833,11196.388683879302
Mahihkan Battery 02-21,ABWI111013406504W400,1,3852392.4607556956,12618.290209681598
Mahihkan Battery 02-21,ABWI102142706604W400,1,3849901.1885334207,10779.037294092186
Nabiye 11-23,ABWI102161306603W400,4,3847325.3589874757,12510.262576944404
Mahihkan Battery 02-21,ABWI107142106504W400,2,3812285.8748699822,11609.861605746926
Mahihkan Battery 02-21,ABWI100130906604W400,2,3743778.255778433,10987.417510406667
Nabiye 11-23,ABWI104061106603W400,2,3743075.2034035586,11508.121011919786
Mahihkan Battery 02-21,ABWI102063206604W400,1,3681443.585938254,10706.879792727186
Mahihkan Battery 02-21,ABWI104013306504W400,1,3648919.774794296,10572.928949855928
Mahihkan Battery 02-21,ABWI100111506604W400,2,3644204.8021248225,10711.229853306857
Mahihkan Battery 02-21,ABWI108162806504W400,1,3638324.603435164,10911.69181113212
Nabiye 11-23,ABWI100100706602W400,2,3630234.3512582583,9924.446781497514
Mahihkan Battery 02-21,ABWI102151506604W400,1,3606580.537679429,10740.082117281849
Nabiye 11-23,ABWI100103506603W400,2,3600111.6965726446,9838.234206782436
Mahihkan Battery 02-21,ABWI106130306604W400,2,3589913.19719633,11352.137958216561
Nabiye 11-23,ABWI100090106603W400,3,3584722.3480992764,10201.788422742839
Nabiye 11-23,ABWI102010106603W400,2,3528836.5372828655,10412.81618518084
Mahihkan Battery 02-21,ABWI110133406504W400,2,3475946.9310290935,10650.526499891901
Mahihkan Battery 02-21,ABWI100120906604W400,3,3414810.4096100414,9826.644820380174
Mahihkan Battery 02-21,ABWI103133406504W400,2,3410444.3278260706,10175.508783521838
Mahihkan Battery 02-21,ABWI100112706504W400,1,3404386.009215599,10618.279755828353
Nabiye 11-23,ABWI102092506603W400,2,3372365.0906472486,9205.474873267922
Mahihkan Battery 02-21,ABWI103141506504W400,3,3329889.403396782,10904.1359248053
Mahihkan Battery 02-21,ABWI102080806604W400,1,3319525.6760263545,9745.041965574526
Nabiye 11-23,ABWI103063106602W402,1,3311289.7095242133,8778.693420105286
Mahihkan Battery 02-21,ABWI103040306604W400,1,3287274.3333691927,9983.395931075567
Mahihkan Battery 02-21,ABWI111111406504W400,2,3269570.068447647,10665.51412658604
Mahihkan Battery 02-21,ABWI110082706504W400,2,3264965.7053419803,9623.763723792308
Nabiye 11-23,ABWI103010106603W400,2,3258853.952086971,9580.47043184073
Nabiye 11-23,ABWI104023506603W400,1,3235054.157014977,8534.811867372899
Mahihkan Battery 02-21,ABWI102161006504W402,1,3203669.990986064,9846.47794857811
Mahihkan Battery 02-21,ABWI107141006504W400,2,3202696.674839005,10569.533698893043
Mahihkan Battery 02-21,ABWI111110306604W403,2,3195031.4615137875,9981.643839950906
Mahihkan Battery 02-21,ABWI102121606604W400,2,3182796.6931484686,8970.300220360195
Nabiye 11-23,ABWI103143106602W400,1,3176630.8231667867,8999.92335265426
Nabiye 11-23,ABWI104031106603W400,2,3162541.7530021137,9479.77842326725
Nabiye 11-23,ABWI100133006602W400,3,3138162.7135058837,9745.216462944418
Mahihkan Battery 02-21,ABWI107031506504W400,1,3126986.8202314656,10235.652452714843
Mahihkan Battery 02-21,ABWI100010906604W400,2,3126402.2893541693,9178.72586668308
Nabiye 11-23,ABWI103121906602W400,1,3106541.590467598,8836.670117797186
Nabiye 11-23,ABWI102043106602W400,2,3101982.128808026,9275.435898035328
Nabiye 11-23,ABWI103031106603W400,2,3080461.3072852073,9556.132255177297
Nabiye 11-23,ABWI1W0051306603W400,2,3071135.6402171147,9188.317609744683
Mahihkan Battery 02-21,ABWI106123506504W400,2,3062319.4931452237,9732.403131856423
Mahihkan Battery 02-21,ABWI102132606504W400,1,3013709.9221201753,9712.327712218052
Nabiye 11-23,ABWI104151906602W400,2,2993643.033021871,9116.748668474756
Nabiye 11-23,ABWI102023006602W400,1,2957363.4933788623,8917.031288583528
Mahihkan Battery 02-21,ABWI104063406504W400,1,2937867.0082378527,9500.416267531918
Nabiye 11-23,ABWI100092506603W400,2,2937756.8992437646,8221.006138686302
Nabiye 11-23,ABWI102111106603W400,2,2913730.8970000045,8797.715784175864
Mahihkan Battery 02-21,ABWI100113506504W400,2,2888614.109933282,9114.545121537738
Mahihkan Battery 02-21,ABWI107082206504W400,1,2887852.642598291,9336.326931813092
Nabiye 11-23,ABWI103092506603W400,2,2884467.6565914177,7786.700251101572
Mahihkan Battery 02-21,ABWI106023506504W400,2,2870513.4333607904,9338.941487322016
Nabiye 11-23,ABWI102143606603W400,2,2862398.6241989685,9097.383990402632
Mahihkan Battery 02-21,ABWI104120406604W400,1,2850775.4823482293,7559.493291477859
Nabiye 11-23,ABWI105073506603W400,1,2841975.7395869945,7439.082014245285
Mahihkan Battery 02-21,ABWI102100906604W400,3,2826341.3837890252,9542.738146437807
Mahihkan Battery 02-21,ABWI109121506504W400,3,2761801.4979922697,9188.020495735333
Mahihkan Battery 02-21,ABWI100090406604W400,1,2746695.5097777974,8800.963400166878
Mahihkan Battery 02-21,ABWI103163306504W400,2,2726629.6355272885,8344.97323645758
Mahihkan Battery 02-21,ABWI100160406604W400,1,2657569.684409699,8219.016583056038
Nabiye 11-23,ABWI104081206603W400,2,2648312.065704179,8166.02821080774
Mahihkan Battery 02-21,ABWI109013406504W400,1,2637482.5613931376,8599.534650068523
Mahihkan Battery 02-21,ABWI106072006604W400,2,2606165.3512912304,7534.730904209225
Nabiye 11-23,ABWI104090106603W400,3,2577655.5801818846,8102.710112503172
Mahihkan Battery 02-21,ABWI103072806504W400,1,2575664.2390186773,8262.949040053529
Mahihkan Battery 02-21,ABWI106072706504W400,1,2561952.525624562,7235.843493055415
Mahihkan Battery 02-21,ABWI103060306604W400,2,2528055.7096737404,8325.543118050839
Mahihkan Battery 02-21,ABWI107122806504W400,1,2526751.020500412,7956.327610185561
Mahihkan Battery 02-21,ABWI107130306604W400,1,2518485.7599879466,7341.186526624565
Mahihkan Battery 02-21,ABWI100162706504W400,2,2511220.4414553824,8616.252478853396
Mahihkan Battery 02-21,ABWI102033406504W400,1,2508440.1760779764,7455.194270779376
Nabiye 11-23,ABWI102153606603W400,2,2500167.1520936675,8053.623221664535
Mahihkan Battery 02-21,ABWI107100306604W400,2,2484577.433296563,7979.772469869677
Mahihkan Battery 02-21,ABWI108150406604W400,1,2449352.9690984213,6766.750361440881
Nabiye 11-23,ABWI103153506603W402,1,2429125.7886875537,6733.970741417041
Mahihkan Battery 02-21,ABWI100022006604W400,2,2383004.0381717067,7414.734040608113
Mahihkan Battery 02-21,ABWI104132606504W400,1,2377343.555381381,7744.035066198431
Mahihkan Battery 02-21,ABWI106052806504W400,2,2375133.610372493,8055.007188400096
Mahihkan Battery 02-21,ABWI110123506504W400,1,2361539.432038817,7611.806414472543
Mahihkan Battery 02-21,ABWI110100306604W400,2,2351687.167329324,7525.559682959942
Mahihkan Battery 02-21,ABWI100071506604W400,1,2324563.017828787,6562.2701599716975
Mahihkan Battery 02-21,ABWI102012906504W400,1,2320283.520704041,7142.5319020394345
Mahihkan Battery 02-21,ABWI109042206504W400,3,2320117.2513062945,8117.845874537534
Mahihkan Battery 02-21,ABWI107011006604W402,2,2316189.390568495,7630.380370897479
Mahihkan Battery 02-21,ABWI100111006604W400,2,2313648.681841806,7418.949889061007
Nabiye 11-23,ABWI100150706602W400,2,2298285.423724856,7110.507001803253
Mahihkan Battery 02-21,ABWI104112806504W400,2,2290300.8868779577,7839.440036442056
Nabiye 11-23,ABWI100073506603W400,1,2285047.3810325535,6022.454923580383
Mahihkan Battery 02-21,ABWI104020906604W400,1,2283949.5496298294,6855.617790681869
Nabiye 11-23,ABWI102143106602W400,1,2280546.741971821,5966.304619428523
Mahihkan Battery 02-21,ABWI108132806504W400,1,2263367.7797859516,7615.313286744263
Mahihkan Battery 02-21,ABWI100092806504W400,2,2258911.3133458016,6954.557646791112
Mahihkan Battery 02-21,ABWI111082206504W400,2,2245763.564732275,7694.066091345947
Mahihkan Battery 02-21,ABWI100142206604W400,1,2243386.4533860995,6179.380246982592
Mahihkan Battery 02-21,ABWI100040306604W400,2,2240975.908054941,6953.95801529594
Mahihkan Battery 02-21,ABWI112143406504W400,1,2240060.4997020797,6613.028219277708
Mahihkan Battery 02-21,ABWI102093306504W400,1,2239206.1410988728,6935.681313283719
Mahihkan Battery 02-21,ABWI102122706504W400,1,2237905.982748266,7019.8759747842105
Mahihkan Battery 02-21,ABWI110072206504W400,1,2236902.4537144005,7119.84143041944
Mahihkan Battery 02-21,ABWI100161606504W400,2,2234101.2446191483,7358.071814276266
Mahihkan Battery 02-21,ABWI106050306604W400,1,2218570.1005671043,7021.708348005418
Nabiye 11-23,ABWI100162306603W400,1,2207464.559419572,6428.697559453056
Nabiye 11-23,ABWI100142606603W400,1,2207065.014388054,6751.013390866012
Nabiye 11-23,ABWI103143606603W400,3,2202729.328253687,7499.414659469803
Mahihkan Battery 02-21,ABWI100060306604W400,2,2201291.6984040504,7126.172220320774
Mahihkan Battery 02-21,ABWI105072206504W400,1,2194004.591580076,7663.597219689753
Mahihkan Battery 02-21,ABWI110110306604W400,1,2189311.36765385,6769.517565166783
Mahihkan Battery 02-21,ABWI100041006604W400,2,2185908.12338956,6934.717835427569
Mahihkan Battery 02-21,ABWI100121006604W400,2,2179240.9869114743,7038.55123645644
Mahihkan Battery 02-21,ABWI103120406604W400,2,2178601.4394971468,6998.813616943
Nabiye 11-23,ABWI102023506603W402,1,2150049.5068868315,6140.465401813136
Mahihkan Battery 02-21,ABWI106011006604W400,3,2148951.3209771668,7330.7869811139535
Mahihkan Battery 02-21,ABWI106043506504W400,1,2147145.18464092,7111.477817135973
Mahihkan Battery 02-21,ABWI111152106504W400,2,2134009.9918971346,6996.0544597685075
Nabiye 11-23,ABWI100012606603W400,1,2132493.4853217853,6298.903325697898
Mahihkan Battery 02-21,ABWI102052806504W400,1,2124209.732214856,6747.924412662476
Mahihkan Battery 02-21,ABWI102082806504W400,2,2120143.3463993296,7262.676938205619
Nabiye 11-23,ABWI102112606603W400,2,2116060.5602270593,6724.295562432069
Nabiye 11-23,ABWI100010106603W400,2,2071974.1209276312,6240.155177094313
Mahihkan Battery 02-21,ABWI109010406604W400,2,2064305.8480827766,6951.082469052507
Nabiye 11-23,ABWI102032306603W400,2,2051137.9780062712,6489.13181348149
Mahihkan Battery 02-21,ABWI105013406504W400,1,2048572.9003291286,6939.555117686635
Mahihkan Battery 02-21,ABWI102161606504W400,1,2046008.7731097476,6873.26364638032
Mahihkan Battery 02-21,ABWI107092906504W400,2,2037477.4690774088,7142.381399099032
Mahihkan Battery 02-21,ABWI108133406504W400,1,2035362.2232155,5892.859361737812
Nabiye 11-23,ABWI102043606603W400,1,2028685.4827870915,6058.723177700897
Mahihkan Battery 02-21,ABWI107123406504W400,1,2022553.05252367,6311.085969658328
Mahihkan Battery 02-21,ABWI104022806504W400,2,2019238.6130396365,6726.198134256472
Mahihkan Battery 02-21,ABWI107012906504W400,1,2011825.47668601,6569.085333551405
Mahihkan Battery 02-21,ABWI104141406504W400,1,2008804.0947404872,6454.271990228815
Mahihkan Battery 02-21,ABWI102133406504W400,2,2007799.06524404,6498.568000586492
Mahihkan Battery 02-21,ABWI105033406504W400,2,1998061.5820800646,6698.310558148456
Nabiye 11-23,ABWI103103506603W400,1,1987451.1918911296,6039.975784380832
Mahihkan Battery 02-21,ABWI102073406504W400,2,1983933.8544363228,6751.458125050498
Mahihkan Battery 02-21,ABWI111012206504W400,1,1983304.0917244607,6096.972248968755
Mahihkan Battery 02-21,ABWI103071006604W400,1,1982263.0703790002,6399.03502076705
Mahihkan Battery 02-21,ABWI100142706504W400,1,1982138.5129798658,6289.654472244953
Mahihkan Battery 02-21,ABWI111162706504W400,1,1967728.1418084812,6200.393293515087
Mahihkan Battery 02-21,ABWI102021606604W400,1,1966841.3067199017,6311.897384651732
Mahihkan Battery 02-21,ABWI106131506504W400,2,1966145.9368626513,6380.788275357805
Mahihkan Battery 02-21,ABWI103151706604W400,3,1915015.2451040163,6253.062763987162
Mahihkan Battery 02-21,ABWI102112906604W400,2,1914339.534245547,5946.676706316748
Mahihkan Battery 02-21,ABWI108150306604W400,2,1903273.5247168792,6246.234780097142
Mahihkan Battery 02-21,ABWI100063206604W400,2,1845296.2769511635,5657.380703845353
Nabiye 11-23,ABWI100082506603W400,2,1839599.0351516851,5223.216830602241
Mahihkan Battery 02-21,ABWI100052206504W400,2,1836102.1631660773,5968.065191268277
Nabiye 11-23,ABWI100151406603W402,2,1831901.9734073887,5678.113078042943
Mahihkan Battery 02-21,ABWI1W0042806504W400,2,1818804.7595827905,6327.283852479668
Mahihkan Battery 02-21,ABWI106010406604W400,2,1812864.0764027056,5976.247425743384
Mahihkan Battery 02-21,ABWI102123406504W400,2,1810535.2211902232,6219.645575345461
Mahihkan Battery 02-21,ABWI100050906604W400,2,1804455.0018388175,6209.114461215429
Mahihkan Battery 02-21,ABWI104082206504W400,2,1782156.422876142,5992.3103562736105
Nabiye 11-23,ABWI102011206603W400,3,1778126.5270425237,6061.827211099149
Mahihkan Battery 02-21,ABWI108113406504W400,1,1770797.4300142573,5678.935730505921
Mahihkan Battery 02-21,ABWI111011506504W402,2,1766775.5386053547,6024.881194115262
Nabiye 11-23,ABWI102140206603W400,2,1764340.4749790144,5800.157817953982
Mahihkan Battery 02-21,ABWI112032806504W400,1,1759478.9954529176,5545.7708133450005
Mahihkan Battery 02-21,ABWI102092906504W400,1,1751912.6587564861,5809.110889779195
Mahihkan Battery 02-21,ABWI102011606604W400,1,1748920.4714506797,5672.348931805841
Mahihkan Battery 02-21,ABWI100052806604W400,1,1742734.0281874673,5606.132941907637
Mahihkan Battery 02-21,ABWI100090906604W400,2,1736724.9240232906,5520.903118114869
Mahihkan Battery 02-21,ABWI103102806504W400,1,1736501.5528340654,5613.432004622303
Nabiye 11-23,ABWI104073506603W400,2,1734532.1654991107,4110.825896170133
Mahihkan Battery 02-21,ABWI100161006504W402,1,1733927.4375655,5734.998622712855
Mahihkan Battery 02-21,ABWI108042206504W400,2,1723443.8466025332,6044.610970491942
Mahihkan Battery 02-21,ABWI100163306504W400,1,1718807.1435992222,5165.246924338047
Mahihkan Battery 02-21,ABWI106120306604W400,1,1714761.6670456058,5619.821515390857
Mahihkan Battery 02-21,ABWI103022206604W400,1,1711645.0669833825,5301.715947637646
Nabiye 11-23,ABWI103113606603W400,4,1707881.8613608724,6406.516334384767
Mahihkan Battery 02-21,ABWI110071506504W400,1,1701469.9500497766,5763.427550094149
Mahihkan Battery 02-21,ABWI103081606604W400,1,1700882.9229141867,5198.957192168049
Mahihkan Battery 02-21,ABWI104080406604W400,2,1696556.449316308,5788.584382123228
Mahihkan Battery 02-21,ABWI102130306604W400,2,1691026.6984847994,5679.844854011966
Mahihkan Battery 02-21,ABWI102050406604W400,4,1687368.5201666974,6502.493585348523
Mahihkan Battery 02-21,ABWI107162706504W400,1,1665999.9000767441,5662.261778573095
Nabiye 11-23,ABWI104153606603W400,1,1663296.1418359235,5364.79085001861
Mahihkan Battery 02-21,ABWI104071506504W400,1,1661057.1341294083,5260.380587535052
Mahihkan Battery 02-21,ABWI109161606504W400,2,1651743.0232472166,5670.109675318276
Mahihkan Battery 02-21,ABWI102111006604W400,1,1633721.6165132672,5012.27200101881
Mahihkan Battery 02-21,ABWI102063506504W400,4,1629856.0549841886,6656.513717660509
Mahihkan Battery 02-21,ABWI104031506504W400,2,1627175.207871043,5760.567914126978
Mahihkan Battery 02-21,ABWI105010406604W400,1,1623198.3066059258,5210.152376026374
Mahihkan Battery 02-21,ABWI100151506604W400,2,1617984.6211134447,5262.920788403979
Mahihkan Battery 02-21,ABWI109082206504W400,2,1607455.638213385,5687.06492355712
Mahihkan Battery 02-21,ABWI100152706504W400,1,1603002.8791178952,5170.723205276835
Nabiye 11-23,ABWI100091106603W400,2,1592835.150583132,5177.51713632143
Mahihkan Battery 02-21,ABWI110092706504W400,1,1572795.3567821651,5011.446796612795
Mahihkan Battery 02-21,ABWI103082906504W400,1,1571396.9407137982,4818.868773289062
Mahihkan Battery 02-21,ABWI102123506504W400,3,1559959.699373979,5710.102962799823
Mahihkan Battery 02-21,ABWI110071006504W400,1,1557420.609202713,4748.522784072613
Mahihkan Battery 02-21,ABWI110152606504W400,3,1551858.506903876,6032.762355786483
Mahihkan Battery 02-21,ABWI100051006604W400,2,1548097.9746129124,5021.346584017836
Mahihkan Battery 02-21,ABWI109133406504W400,1,1548005.9275936908,4728.217169971558
Mahihkan Battery 02-21,ABWI103052806504W400,3,1540119.4320203948,5788.164656322504
Mahihkan Battery 02-21,ABWI100072206504W400,1,1535563.4885655323,5094.539342001336
Mahihkan Battery 02-21,ABWI104030906604W400,2,1534287.212652629,5020.103741211754
Mahihkan Battery 02-21,ABWI103103406504W400,1,1530562.0563415566,4723.088264871991
Mahihkan Battery 02-21,ABWI110152106504W400,2,1530130.1256191803,5347.79553782326
Nabiye 11-23,ABWI103090106603W400,2,1521210.1946693975,4798.574846942315
Mahihkan Battery 02-21,ABWI109023406504W400,2,1515823.824647516,5393.007556061831
Mahihkan Battery 02-21,ABWI104021506504W400,1,1515169.0988142162,5090.92115333603
Mahihkan Battery 02-21,ABWI105160906604W400,1,1504495.9863433582,4815.950103718948
Mahihkan Battery 02-21,ABWI109083406504W400,1,1500207.7971772098,5006.639729885851
Nabiye 11-23,ABWI102021806602W400,1,1499240.5645883502,4320.3040677516365
Mahihkan Battery 02-21,ABWI100162906504W400,1,1498768.6109318323,5039.806966958139
Mahihkan Battery 02-21,ABWI106140306604W400,2,1489880.4783399221,5448.79859782671
Nabiye 11-23,ABWI102122506603W400,2,1488004.2909731795,5019.126893494677
Mahihkan Battery 02-21,ABWI108162906504W400,2,1487364.6441857924,5677.935927333788
Mahihkan Battery 02-21,ABWI106021006604W400,2,1479744.0506274258,5161.759317806653
Nabiye 11-23,ABWI102090106603W400,2,1477098.8931010058,4840.823436825325
Mahihkan Battery 02-21,ABWI103152706504W400,2,1475684.600566545,5274.779726523152
Mahihkan Battery 02-21,ABWI110042306504W400,1,1473986.2482731058,4471.660914205947
Mahihkan Battery 02-21,ABWI104160906604W400,1,1472893.3280480641,4803.838958198603
Mahihkan Battery 02-21,ABWI114120306604W400,2,1470847.3642799929,5030.189948476307
Nabiye 11-23,ABWI102063606603W400,2,1458921.4332783148,4730.441401507688
Mahihkan Battery 02-21,ABWI107043506504W402,1,1445003.858367847,4630.548058434763
Mahihkan Battery 02-21,ABWI110062206504W400,2,1443298.1619660335,5370.373888245244
Nabiye 11-23,ABWI100071806602W402,1,1441447.317697884,4130.714846342589
Mahihkan Battery 02-21,ABWI105073406504W400,2,1440485.4395717839,5138.745074524015
Mahihkan Battery 02-21,ABWI106072206504W400,1,1435419.9837765347,4873.668461264501
Mahihkan Battery 02-21,ABWI105160506604W400,4,1434972.607621272,5714.447752674207
Mahihkan Battery 02-21,ABWI100061006604W400,2,1428648.1243185175,4762.05354258531
Mahihkan Battery 02-21,ABWI109131506504W400,1,1425171.1826024917,4381.436707257434
Mahihkan Battery 02-21,ABWI102082906504W400,1,1422153.4888414764,4754.306640094941
Mahihkan Battery 02-21,ABWI106042306504W400,1,1421642.5116516463,4759.519400062013
Mahihkan Battery 02-21,ABWI107133406504W400,1,1411195.865729591,4204.241150642365
Mahihkan Battery 02-21,ABWI104152906504W400,2,1408421.1795894266,5063.703621779663
Mahihkan Battery 02-21,ABWI107162906504W400,1,1396182.3224220125,4880.677417908064
Mahihkan Battery 02-21,ABWI103033506504W400,2,1388398.0864655443,4882.095840022378
Mahihkan Battery 02-21,ABWI102052606504W400,1,1386371.8278241942,4320.289876767568
Mahihkan Battery 02-21,ABWI108092706504W400,1,1381961.836969777,4685.345145762255
Mahihkan Battery 02-21,ABWI111150306604W400,2,1378930.219259226,5259.88332700747
Mahihkan Battery 02-21,ABWI102162906504W400,2,1378154.2458986344,5270.034685658373
Mahihkan Battery 02-21,ABWI100052706504W400,1,1375809.6795706602,4467.322990529638
Mahihkan Battery 02-21,ABWI103020306604W400,1,1374612.1686598589,4666.354737383342
Mahihkan Battery 02-21,ABWI102133506504W400,2,1368773.3699780852,5040.226048583888
Nabiye 11-23,ABWI105091206603W402,2,1367108.4365499187,4396.687578616922
Nabiye 11-23,ABWI106160106603W402,2,1361661.9827731862,4364.194852440918
Nabiye 11-23,ABWI105160106603W400,2,1355170.857609462,4439.265060094502
Mahihkan Battery 02-21,ABWI104131506504W400,1,1353101.0294401585,4595.867570077189
Mahihkan Battery 02-21,ABWI108052606504W400,2,1348813.7040017496,4667.666772028547
Mahihkan Battery 02-21,ABWI110150306604W400,1,1347447.1283189666,4513.828917247026
Nabiye 11-23,ABWI100021806602W402,2,1340193.0881336445,4375.288560947837
Mahihkan Battery 02-21,ABWI100012206504W400,1,1338445.5204612513,4509.236223605066
Mahihkan Battery 02-21,ABWI102121506604W400,1,1320313.4108986545,4297.925435927068
Mahihkan Battery 02-21,ABWI103010406604W400,1,1316539.3647310226,4282.383441528819
Mahihkan Battery 02-21,ABWI102012106504W400,2,1314998.710026482,5110.807325992854
Mahihkan Battery 02-21,ABWI106030306604W400,2,1312342.0695978077,4711.476977750521
Nabiye 11-23,ABWI102162306603W400,1,1311391.3740428071,4026.4750618611297
Nabiye 11-23,ABWI100143606603W400,2,1307133.8716014272,4555.879234058759
Mahihkan Battery 02-21,ABWI108052806504W400,1,1296618.368935773,4308.1063522210925
Mahihkan Battery 02-21,ABWI104141506504W400,2,1285117.9668732728,4695.370972766211
Mahihkan Battery 02-21,ABWI102012206504W400,1,1276073.7992757445,4314.075905212029
Mahihkan Battery 02-21,ABWI106132606504W400,3,1267707.9757892068,4929.204452471714
Nabiye 11-23,ABWI102100706602W402,3,1263417.317548173,4682.975143134335
Nabiye 11-23,ABWI104033606603W400,2,1252871.2649085862,4322.091320530786
Mahihkan Battery 02-21,ABWI108053506504W400,2,1247630.573055286,4661.195310847587
Mahihkan Battery 02-21,ABWI110082206504W400,1,1235786.7938988975,4243.279607120547
Mahihkan Battery 02-21,ABWI103063506504W400,1,1233818.3957411954,4017.291636845424
Mahihkan Battery 02-21,ABWI110092906504W400,2,1232778.0786258753,4515.789085553012
Nabiye 11-23,ABWI100103606603W402,1,1232326.4244546245,3968.753795967422
Nabiye 11-23,ABWI102033606603W402,4,1220296.9696438387,5560.2168799428655
Mahihkan Battery 02-21,ABWI110131506504W400,1,1216165.0804445806,3459.690797221686
Nabiye 11-23,ABWI100162406603W400,3,1210451.0979705623,4667.26030673821
Mahihkan Battery 02-21,ABWI105042706504W400,1,1202814.7628219635,4127.05497283736
Mahihkan Battery 02-21,ABWI104063506504W400,3,1191197.9981828686,4925.190512094994
Mahihkan Battery 02-21,ABWI104151706604W400,1,1174757.2076758347,3712.695861619953
Nabiye 11-23,ABWI103022506603W400,2,1172699.3624337,4208.4231933518895
Mahihkan Battery 02-21,ABWI111102906504W400,2,1170956.8854750607,4230.7461062963475
Mahihkan Battery 02-21,ABWI117050306604W400,1,1167303.2925314095,3926.043016207259
Mahihkan Battery 02-21,ABWI100052806504W400,1,1158876.8100185236,3840.402705644094
Mahihkan Battery 02-21,ABWI107010406604W400,1,1158119.2284370312,3792.7245969335263
Mahihkan Battery 02-21,ABWI105113406504W400,1,1157804.890284284,3943.065576293776
Mahihkan Battery 02-21,ABWI103032706604W400,2,1157360.6916652408,4047.926398511341
Mahihkan Battery 02-21,ABWI106091606504W400,3,1156022.5080837128,4947.8313864891525
Mahihkan Battery 02-21,ABWI103090406604W400,1,1137354.014497321,3791.394884731174
Nabiye 11-23,ABWI102041306603W402,1,1129903.497423321,3410.1500222997665
Mahihkan Battery 02-21,ABWI103062806604W400,2,1128120.3804860457,4209.162623006943
Mahihkan Battery 02-21,ABWI108082906504W400,1,1127090.0943737265,3761.500062840125
Mahihkan Battery 02-21,ABWI105122206504W400,1,1125213.6220929907,3754.5582557776447
Mahihkan Battery 02-21,ABWI108031506504W400,2,1116534.9815670187,4335.214810085641
Mahihkan Battery 02-21,ABWI104010406604W400,2,1114793.4702363538,4160.78610275433
Mahihkan Battery 02-21,ABWI109100306604W400,1,1110871.429049442,3466.7399967887
Mahihkan Battery 02-21,ABWI103141006504W400,1,1109069.7602308616,3675.317568520887
Mahihkan Battery 02-21,ABWI108082706504W400,2,1108857.9008878185,3947.151976705408
Mahihkan Battery 02-21,ABWI111071506504W400,1,1104608.2279105738,3923.789026853242
Mahihkan Battery 02-21,ABWI102160906604W400,1,1104504.5141719955,3709.569038165272
Mahihkan Battery 02-21,ABWI104142106504W400,2,1094512.0697501951,4006.8494899832917
Mahihkan Battery 02-21,ABWI107040306604W400,1,1091141.5865073923,3539.249978001708
Nabiye 11-23,ABWI103122506603W400,2,1090404.2313662483,3797.775428417046
Mahihkan Battery 02-21,ABWI102013306504W403,1,1088242.9422951697,3416.5044572027714
Mahihkan Battery 02-21,ABWI108112206504W400,3,1083979.638960392,4545.401081337999
Mahihkan Battery 02-21,ABWI107142806504W400,1,1081032.6618150717,3670.805206510487
Mahihkan Battery 02-21,ABWI109081506504W400,1,1080149.090683953,3462.874771038879
Mahihkan Battery 02-21,ABWI108121506504W400,1,1071965.1175239673,3410.4022989954974
Mahihkan Battery 02-21,ABWI102010806604W400,3,1070327.3967320684,4467.442000142354
Mahihkan Battery 02-21,ABWI103043406504W400,1,1070303.8888732106,3381.5222614426466
Mahihkan Battery 02-21,ABWI110012206504W400,2,1069872.2337668613,3873.2375897383877
Mahihkan Battery 02-21,ABWI100122806504W400,2,1067955.925092221,4242.347016321436
Nabiye 11-23,ABWI100072506603W400,2,1063652.9603818336,3950.9520557402293
Mahihkan Battery 02-21,ABWI106080406604W400,1,1061304.849883514,3586.7107212225883
Mahihkan Battery 02-21,ABWI100062906604W400,2,1061003.0887218902,3498.4338498602892
Mahihkan Battery 02-21,ABWI1S0041506604W400,2,1054128.6342805175,4090.4945072454907
Mahihkan Battery 02-21,ABWI104013406504W400,1,1052877.932440906,3466.4975932427947
Mahihkan Battery 02-21,ABWI104152706504W400,1,1052139.779400951,3565.175530756791
Mahihkan Battery 02-21,ABWI109042806504W400,1,1051912.5769256887,3604.9270176288383
Mahihkan Battery 02-21,ABWI105123506504W400,1,1051168.1494664347,3491.4452745415747
Mahihkan Battery 02-21,ABWI104082706504W400,4,1045535.2576010451,4904.940819261887
Mahihkan Battery 02-21,ABWI109012106504W400,1,1045502.6503999971,3420.3681450342265
Mahihkan Battery 02-21,ABWI104160506604W400,2,1042077.1470370127,3787.231847480891
Mahihkan Battery 02-21,ABWI102090406604W400,1,1039018.763013051,3181.18941804781
Mahihkan Battery 02-21,ABWI103142906504W400,2,1038597.6243459597,4050.5385995011293
Mahihkan Battery 02-21,ABWI109072706504W400,2,1036438.6066768512,3895.3284235473957
Mahihkan Battery 02-21,ABWI103142606504W400,1,1032906.9610503356,3519.460728390536
Mahihkan Battery 02-21,ABWI102152906504W400,1,1032451.8121931558,3780.642450633049
Nabiye 11-23,ABWI100023006602W400,1,1031672.0513095929,3252.395605372442
Mahihkan Battery 02-21,ABWI100070906604W400,2,1029434.1248672089,3959.278432941601
Mahihkan Battery 02-21,ABWI107011506504W400,2,1029204.4897422905,3910.2451454769844
Mahihkan Battery 02-21,ABWI105032306504W400,1,1026665.4165380504,3474.8409536354047
Mahihkan Battery 02-21,ABWI102060906604W400,1,1022017.0108141655,3567.6087292784114
Mahihkan Battery 02-21,ABWI100093306504W400,1,1018487.3256818929,3163.924470868252
Mahihkan Battery 02-21,ABWI105080406604W400,1,1016323.3159083559,3486.0682409101832
Mahihkan Battery 02-21,ABWI102080406604W400,1,1014603.4152624032,3315.415689376241
Mahihkan Battery 02-21,ABWI102110906604W400,2,998503.6016824108,3748.719943060908
Mahihkan Battery 02-21,ABWI105163306504W400,1,993674.5836020701,3262.711550201989
Nabiye 11-23,ABWI104143606603W400,2,993274.4238450007,3792.993517212865
Mahihkan Battery 02-21,ABWI108071506504W400,2,992007.9512252554,3746.5705846802284
Mahihkan Battery 02-21,ABWI113101506504W400,2,989917.99639858,3748.8211656249932
Nabiye 11-23,ABWI100072606603W400,1,978013.9023892084,2733.5253110200665
Nabiye 11-23,ABWI104122506603W400,2,975982.8853127332,3468.570070466724
Mahihkan Battery 02-21,ABWI103161006504W400,1,969586.5713632603,3289.8385910172296
Mahihkan Battery 02-21,ABWI109033506504W400,1,967518.7499155637,3185.953020099471
Mahihkan Battery 02-21,ABWI107131506504W400,1,964361.6095929687,3121.263464770692
Nabiye 11-23,ABWI104071306603W400,3,956286.6542695992,3934.7569509356113
Mahihkan Battery 02-21,ABWI108050306604W400,1,955497.6425088237,3130.497580062904
Mahihkan Battery 02-21,ABWI105162706504W400,1,953741.6405313527,3218.6470387441013
Mahihkan Battery 02-21,ABWI103111006604W400,3,950848.5239121285,3844.233278125383
Mahihkan Battery 02-21,ABWI109150306604W400,2,949439.67334233,3759.777329587335
Mahihkan Battery 02-21,ABWI103042706504W400,2,946326.5077027556,3588.3150950943445
Mahihkan Battery 02-21,ABWI108151406504W400,1,940781.4506301438,3296.2734480408462
Mahihkan Battery 02-21,ABWI103122706504W400,3,940277.1968586652,4200.0669250222945
Mahihkan Battery 02-21,ABWI107113406504W400,1,939546.2922417294,3230.968339939868
Nabiye 11-23,ABWI103152406603W400,2,939384.0994822662,3736.300016246018
Mahihkan Battery 02-21,ABWI107012706504W400,1,938202.2131056892,3266.939610712096
Mahihkan Battery 02-21,ABWI106053506504W400,1,933884.3397156766,3171.789197184135
Mahihkan Battery 02-21,ABWI102042306504W400,1,933167.9199112903,3033.098951168053
Nabiye 11-23,ABWI103132506603W400,1,921594.6886865088,2874.312236104987
Mahihkan Battery 02-21,ABWI110161406504W400,2,919021.8566385931,3512.155420273606
Mahihkan Battery 02-21,ABWI102062706604W400,3,918716.3806160947,3692.5696418887396
Mahihkan Battery 02-21,ABWI108100306604W400,1,916363.1210176434,2985.9389678230564
Nabiye 11-23,ABWI102080106603W400,1,913066.7776239996,2503.66539935567
Mahihkan Battery 02-21,ABWI103132806504W400,1,910910.5316602315,3200.863014047264
Mahihkan Battery 02-21,ABWI100033406604W400,2,910226.3540793898,3292.527186067885
Mahihkan Battery 02-21,ABWI102071506504W400,2,909675.8922100367,3650.9452515333414
Mahihkan Battery 02-21,ABWI110091006504W400,2,906436.7023258412,3737.364604939493
Mahihkan Battery 02-21,ABWI105092806504W400,2,902656.4150350057,3258.075318866274
Mahihkan Battery 02-21,ABWI103160906604W400,2,902396.5753564715,3523.7876843083745
Mahihkan Battery 02-21,ABWI107081506504W400,2,898906.8088636671,3541.6868274037597
Mahihkan Battery 02-21,ABWI103131506504W400,1,897464.9389146509,3174.497687690899
Mahihkan Battery 02-21,ABWI100013406504W400,1,897338.1954940304,3046.166912883208
Mahihkan Battery 02-21,ABWI100121506604W400,2,892810.0802626668,3685.9092566637037
Mahihkan Battery 02-21,ABWI100102106604W400,2,887495.6470502969,3421.003018133658
Mahihkan Battery 02-21,ABWI112162706504W400,2,887354.0992910581,3523.55900558467
Mahihkan Battery 02-21,ABWI103072106504W400,1,885983.4411483884,3074.306911350457
Mahihkan Battery 02-21,ABWI103011606604W400,1,885706.0532482871,3048.7961814778555
Mahihkan Battery 02-21,ABWI112081506504W400,2,882177.5067487876,3375.384486135712
Nabiye 11-23,ABWI102121906602W400,1,880932.8778336493,2243.375334679739
Mahihkan Battery 02-21,ABWI112040306604W400,1,880852.1377407482,2993.0958446435907
Mahihkan Battery 02-21,ABWI100080306604W400,2,879209.2495069085,3654.0418060908933
Mahihkan Battery 02-21,ABWI109043506504W400,1,875827.4964206395,2914.203137182163
Mahihkan Battery 02-21,ABWI104120306604W400,2,869411.895471369,3321.192145704441
Mahihkan Battery 02-21,ABWI109162706504W400,3,868642.7318835352,3885.5532538193693
Mahihkan Battery 02-21,ABWI110081506504W400,1,865037.1222904883,2991.1448097530306
Mahihkan Battery 02-21,ABWI1W0122806504W400,2,864879.4190791838,3496.988166237915
Nabiye 11-23,ABWI102092606603W400,2,863927.7387839381,3371.2962292597535
Mahihkan Battery 02-21,ABWI104102706504W400,2,862855.1655816941,3829.3762412527008
Mahihkan Battery 02-21,ABWI100112706604W400,2,862486.8497173765,3080.4901080866357
Mahihkan Battery 02-21,ABWI109132606504W400,2,862148.2902970153,3239.922103695771
Mahihkan Battery 02-21,ABWI103052306504W400,1,860722.9272640389,2849.644603065948
Nabiye 11-23,ABWI104162406603W400,3,855938.5414460641,3905.1637819220578
Nabiye 11-23,ABWI100092606603W400,2,853743.8437783695,3254.7742360120055
Nabiye 11-23,ABWI100152406603W400,4,851375.38208727,4113.994929323972
Mahihkan Battery 02-21,ABWI102052206504W402,2,849568.8573901535,3542.5286344848537
Nabiye 11-23,ABWI100132506603W400,2,844863.4625952914,2967.090657036257
Mahihkan Battery 02-21,ABWI100121506504W400,1,843477.3348228094,3022.7998252577186
Nabiye 11-23,ABWI103021306603W400,2,841532.8072039325,3406.546031697912
Nabiye 11-23,ABWI102012406603W400,1,836507.1631462105,2559.4010318248884
Mahihkan Battery 02-21,ABWI109120306604W400,1,832044.6562902234,2542.177381233374
Mahihkan Battery 02-21,ABWI102062206504W400,1,830806.6621556031,2828.214864228167
Mahihkan Battery 02-21,ABWI107111506504W400,1,817651.0389728794,2978.16375964359
Mahihkan Battery 02-21,ABWI103042306504W400,1,816342.7763899274,2780.885093613255
Mahihkan Battery 02-21,ABWI102021506504W400,1,805477.7165900522,2919.657408179736
Mahihkan Battery 02-21,ABWI111010406604W400,2,804232.764247152,3202.868452889103
Mahihkan Battery 02-21,ABWI110050306604W400,1,796970.0588804162,2866.0747834981253
Mahihkan Battery 02-21,ABWI102041006604W400,2,785095.9067197882,3268.0458520239054
Mahihkan Battery 02-21,ABWI103161606504W400,1,781483.6616144695,2783.592111311505
Mahihkan Battery 02-21,ABWI107060306604W400,2,779250.7221098981,3203.0835802398487
Mahihkan Battery 02-21,ABWI103140306604W400,1,774255.4580164119,2706.173313571781
Nabiye 11-23,ABWI100161106603W400,2,772574.8707434514,2872.7100062477957
Mahihkan Battery 02-21,ABWI1S0021506504W400,2,762625.399981126,3254.2504585768716
Nabiye 11-23,ABWI107122506603W400,2,760363.3432157112,2916.430164627288
Mahihkan Battery 02-21,ABWI105021506504W400,2,758252.5157403818,3244.042345532895
Mahihkan Battery 02-21,ABWI100062806504W400,1,757191.0359596718,2620.644346990786
Mahihkan Battery 02-21,ABWI102102606504W400,2,755787.8635611567,3336.6027612104576
Mahihkan Battery 02-21,ABWI100133406504W400,1,754292.9926430249,2689.944090897046
Mahihkan Battery 02-21,ABWI109020306604W400,1,754121.8608998499,2669.193552903638
Mahihkan Battery 02-21,ABWI100062706604W400,1,753548.9316731627,2122.989239127316
Mahihkan Battery 02-21,ABWI106092906504W400,1,751232.1967152704,2706.404843828705
Nabiye 11-23,ABWI104132506603W400,3,747717.9948602723,3329.8511103001765
Mahihkan Battery 02-21,ABWI102022906604W400,1,747516.2681338497,2356.6293276719216
Mahihkan Battery 02-21,ABWI106052206504W400,1,741749.10392502,2861.353563553024
Mahihkan Battery 02-21,ABWI110082106504W400,2,741686.2020652185,3098.3118432894803
Mahihkan Battery 02-21,ABWI104090406604W400,1,741276.9218012973,2527.277464432777
Mahihkan Battery 02-21,ABWI108040306604W400,1,740105.1514908262,2593.0265100862844
Mahihkan Battery 02-21,ABWI107142606504W400,1,739975.1362347949,2704.994376689021
Mahihkan Battery 02-21,ABWI106063306604W400,1,739832.2769408892,2810.9900949292955
Mahihkan Battery 02-21,ABWI109112206504W400,4,735056.5607122916,3923.456583911418
Mahihkan Battery 02-21,ABWI111032806504W400,1,729374.5138051779,2696.399388314731
Mahihkan Battery 02-21,ABWI103042806504W400,1,728771.6267393351,2672.307837861621
Mahihkan Battery 02-21,ABWI104072106604W400,1,726885.4690210083,2182.55389615948
Mahihkan Battery 02-21,ABWI100053306604W400,3,723842.2638752958,3528.811925198725
Nabiye 11-23,ABWI102051906602W400,1,723362.1405487594,2568.564072391649
Mahihkan Battery 02-21,ABWI108012106504W400,1,720327.4427053333,2685.976760236967
Mahihkan Battery 02-21,ABWI102050906604W400,2,720210.1646192563,3146.3100870469157
Mahihkan Battery 02-21,ABWI103053406504W400,2,707812.2530345466,2777.3478580613973
Mahihkan Battery 02-21,ABWI109021506504W400,1,707253.1881906134,2330.403152432601
Mahihkan Battery 02-21,ABWI103080406604W400,1,704676.9004769013,2516.336088285829
Mahihkan Battery 02-21,ABWI100132806604W400,1,703076.2680778876,2438.3143556911045
Mahihkan Battery 02-21,ABWI109050306604W400,1,700117.306864563,2470.7868507508706
Mahihkan Battery 02-21,ABWI102071006604W400,1,699091.9557426788,2475.1742192650204
Mahihkan Battery 02-21,ABWI104063306604W400,1,698759.1744821644,2598.3131032164247
Mahihkan Battery 02-21,ABWI104122706504W400,1,698717.7484158275,2556.6092412290445
Nabiye 11-23,ABWI100053606603W400,1,697358.9463707313,2223.84767787372
Mahihkan Battery 02-21,ABWI1S0021606604W400,1,697284.347595097,2350.387121273745
Mahihkan Battery 02-21,ABWI103072006604W400,1,694671.6888888946,2141.4329808397106
Mahihkan Battery 02-21,ABWI102142906504W400,2,694196.3120566772,2871.0761377393746
Mahihkan Battery 02-21,ABWI103110906604W400,2,693239.9862357688,2846.213724006028
Mahihkan Battery 02-21,ABWI103120306604W400,1,690618.9381253069,2185.95619867096
Mahihkan Battery 02-21,ABWI102043306604W400,2,683844.2290102165,2572.436795604546
Mahihkan Battery 02-21,ABWI104161606504W400,2,682952.9157323665,3008.0721978130023
Mahihkan Battery 02-21,ABWI111081506504W400,1,673222.1249086728,2439.4716771991766
Mahihkan Battery 02-21,ABWI103060906604W400,1,671196.9196234117,2429.508182900752
Mahihkan Battery 02-21,ABWI111052706504W400,2,670160.8909939296,2954.23529982499
Nabiye 11-23,ABWI100052506603W400,2,667980.4848745926,2768.953894772456
Nabiye 11-23,ABWI105033606603W400,2,656231.0757337513,2678.545657484932
Nabiye 11-23,ABWI102052406603W400,4,653951.6474877332,3724.2997859147195
Mahihkan Battery 02-21,ABWI102062806504W400,1,653125.2050885771,2403.79985467359
Mahihkan Battery 02-21,ABWI103012106504W400,1,652834.2508371128,2430.516555634113
Mahihkan Battery 02-21,ABWI111152606504W400,1,648361.4020608235,2479.981640282048
Mahihkan Battery 02-21,ABWI102072806504W400,1,646569.8984068624,2291.713111762416
Mahihkan Battery 02-21,ABWI111061506504W400,1,645429.5550653394,2387.885285623969
Mahihkan Battery 02-21,ABWI106012906504W400,1,633477.9937483065,2387.628171131257
Nabiye 11-23,ABWI102063106602W400,1,632049.6562413059,2168.088805688364
Nabiye 11-23,ABWI105122506603W400,2,629554.2374039886,2670.9244848045155
Nabiye 11-23,ABWI100122406603W400,4,629483.4505049032,3478.5454303102247
Mahihkan Battery 02-21,ABWI100020906604W400,1,628704.875950764,2270.3198151143856
Nabiye 11-23,ABWI103052506603W400,3,624079.4163474928,3155.618397952595
Mahihkan Battery 02-21,ABWI103041006604W400,1,622553.0398392467,2244.7890701729943
Mahihkan Battery 02-21,ABWI111101406504W400,2,621951.9892610447,2785.792336402149
Mahihkan Battery 02-21,ABWI111082106504W400,2,621789.912592386,2839.9228004413826
Mahihkan Battery 02-21,ABWI105123406504W400,1,620929.3136616838,2132.5850478333005
Nabiye 11-23,ABWI102142506603W400,2,619388.0475030007,2651.7774931901786
Mahihkan Battery 02-21,ABWI107012206504W400,1,618607.5783206896,2331.4071925041776
Mahihkan Battery 02-21,ABWI107042806504W400,1,617919.468493596,2216.902246234602
Mahihkan Battery 02-21,ABWI102152106604W400,3,617758.8179410348,3186.492578523602
Mahihkan Battery 02-21,ABWI106083406504W400,1,612038.0207460948,2290.1465598826558
Mahihkan Battery 02-21,ABWI102122206504W400,2,602483.9132165019,2667.0025674084777
Mahihkan Battery 02-21,ABWI106042206504W400,2,592788.1499466653,2709.700578216592
Mahihkan Battery 02-21,ABWI104031006604W400,3,592440.035088721,3007.3932812931807
Nabiye 11-23,ABWI100071306603W400,3,591129.9940467044,3118.0796354891095
Mahihkan Battery 02-21,ABWI106092806504W400,2,589777.021811819,2680.7970354451236
Mahihkan Battery 02-21,ABWI105072706504W400,2,588430.5002050761,2665.9487646030993
Nabiye 11-23,ABWI102023606603W400,2,586005.7896408149,2362.5964989396725
Nabiye 11-23,ABWI104063606603W400,2,582009.0753817642,2579.0355170422827
Nabiye 11-23,ABWI103061206603W400,2,580359.6864728176,2415.7946247740597
Mahihkan Battery 02-21,ABWI110061506504W400,2,579902.8176848231,2858.673838833294
Mahihkan Battery 02-21,ABWI111101006504W400,1,579582.6182189619,2016.2945036062931
Mahihkan Battery 02-21,ABWI106091506504W400,1,579349.1667591706,2187.5116743121757
Nabiye 11-23,ABWI103162406603W400,4,577415.2395943207,3652.2751106391274
Nabiye 11-23,ABWI102122406603W400,1,574756.0355665041,2078.266756042559
Mahihkan Battery 02-21,ABWI107022206504W400,1,566753.1661021159,2116.5044662391942
Mahihkan Battery 02-21,ABWI111043506504W400,3,565542.119386434,2999.969499748309
Mahihkan Battery 02-21,ABWI107151406504W400,3,565317.5141044301,3261.240852875091
Mahihkan Battery 02-21,ABWI108052706504W400,1,554044.6410477891,2133.772617861375
Mahihkan Battery 02-21,ABWI106040306604W400,1,551098.63574505,1985.1204585735952
Mahihkan Battery 02-21,ABWI111092906504W400,3,550135.0088249494,2910.1051572229153
Mahihkan Battery 02-21,ABWI106011506504W400,1,548217.9411421204,2060.0484149181425
Nabiye 11-23,ABWI102161106603W400,3,547221.3710668704,2707.5157383750584
Mahihkan Battery 02-21,ABWI103072206504W400,1,545301.8093498929,2076.3270363026704
Mahihkan Battery 02-21,ABWI112072706504W400,1,544147.1815255841,1783.4891332755342
Mahihkan Battery 02-21,ABWI102032806504W400,1,543310.0077062651,2087.658878992016
Nabiye 11-23,ABWI104112406603W400,2,540657.262964903,2356.3467588446865
Nabiye 11-23,ABWI102161406603W400,2,539650.491010089,2520.940449190783
Mahihkan Battery 02-21,ABWI108081506504W400,1,538721.5748916091,1975.3910943969477
Mahihkan Battery 02-21,ABWI108160306604W400,2,533443.7937020318,2433.2483407768595
Mahihkan Battery 02-21,ABWI110132606504W400,1,533305.2569746776,1832.499291686419
Mahihkan Battery 02-21,ABWI110043506504W400,2,532041.6450884916,2454.3670880511945
Mahihkan Battery 02-21,ABWI103062806504W400,2,531849.7981652668,2530.0024174889895
Mahihkan Battery 02-21,ABWI106082106504W400,2,529617.6412126049,2693.6522634150497
Nabiye 11-23,ABWI100162606603W400,1,528687.1948850683,1931.164847408848
Mahihkan Battery 02-21,ABWI105042806504W400,1,522195.62738387944,2010.6914506700143
Mahihkan Battery 02-21,ABWI100112806604W400,1,517169.82873658097,1795.0457884753869
Mahihkan Battery 02-21,ABWI108151006504W400,2,514367.0682599558,2457.250510518637
Nabiye 11-23,ABWI107112406603W400,2,512813.93557296036,2460.9569111565424
Nabiye 11-23,ABWI105081306603W400,3,512110.4020654801,2760.0137866736145
Mahihkan Battery 02-21,ABWI103051006604W400,1,511653.1291661075,1689.817681241501
Mahihkan Battery 02-21,ABWI103091006504W400,2,510650.3977348913,2310.7295838987325
Mahihkan Battery 02-21,ABWI102101606604W400,2,510557.04571988474,2538.923936954342
Mahihkan Battery 02-21,ABWI106032806504W400,1,509827.3705107772,1922.510179205362
Mahihkan Battery 02-21,ABWI114102906504W400,3,507027.470490179,3027.6035912504217
Mahihkan Battery 02-21,ABWI108011506504W400,1,505662.54400628904,2005.36520912094
Mahihkan Battery 02-21,ABWI108083406504W400,2,498608.4750762357,2310.190439305299
Mahihkan Battery 02-21,ABWI110120306604W400,1,495701.2314784707,1849.940681515232
Mahihkan Battery 02-21,ABWI110042206504W400,1,495654.6122577303,1907.6774636413213
Mahihkan Battery 02-21,ABWI100083406504W400,1,492065.6144619346,1962.3255931743784
Mahihkan Battery 02-21,ABWI109022306504W400,1,488474.9160281372,1943.7233668749368
Mahihkan Battery 02-21,ABWI105060906604W400,2,487979.2048562248,2424.3466824777233
Mahihkan Battery 02-21,ABWI103141406504W400,1,487151.7784363719,1931.0741385851488
Mahihkan Battery 02-21,ABWI105040306604W400,1,486646.1758367635,1818.4205641774288
Mahihkan Battery 02-21,ABWI105031506504W400,1,483219.4885719481,2045.4274580829508
Nabiye 11-23,ABWI100101306603W400,3,478127.97903721576,2826.350416292232
Mahihkan Battery 02-21,ABWI105092906504W400,1,477752.1592454063,1840.5925334745832
Mahihkan Battery 02-21,ABWI103072106604W400,2,475361.4875958382,2276.1106137472952
Nabiye 11-23,ABWI103043106602W400,1,475190.3180778643,1560.1726280247617
Mahihkan Battery 02-21,ABWI103151006504W400,3,474929.45645792474,2811.486399131408
Mahihkan Battery 02-21,ABWI102150906604W400,2,474431.1335581066,2345.934466082093
Nabiye 11-23,ABWI102052506603W400,2,472332.09305826126,2170.4412006314756
Nabiye 11-23,ABWI100091306603W400,2,470463.8597574575,2318.6939788140644
Mahihkan Battery 02-21,ABWI104091006504W400,1,470321.81952352653,1768.0402042112753
Nabiye 11-23,ABWI105061106603W400,1,470303.4615744282,1530.420226201494
Mahihkan Battery 02-21,ABWI100100906604W400,1,468046.6518517034,1807.289382861806
Mahihkan Battery 02-21,ABWI100131506504W400,2,467945.18811931706,2363.7443641822283
Mahihkan Battery 02-21,ABWI105112206504W400,2,465677.48598019604,2430.7688307703925
Mahihkan Battery 02-21,ABWI100122806604W400,2,464624.3892733519,2179.7263064689496
Nabiye 11-23,ABWI104081106603W400,2,463643.9142741427,2410.13058879882
Mahihkan Battery 02-21,ABWI104033306604W400,1,462168.2665066276,1867.7359433427264
Mahihkan Battery 02-21,ABWI100161606604W400,3,458250.5727846966,2779.234041626958
Mahihkan Battery 02-21,ABWI107161606504W400,1,458154.5558628388,1664.8263572489368
Mahihkan Battery 02-21,ABWI107132606504W400,1,457630.9515066386,1688.2484529572691
Mahihkan Battery 02-21,ABWI108161606504W400,3,452912.4826470093,2555.9838771754585
Mahihkan Battery 02-21,ABWI106013406504W400,1,448379.72819343297,1793.019755957043
Mahihkan Battery 02-21,ABWI102113406504W400,2,447614.86854111723,2143.877115348252
Mahihkan Battery 02-21,ABWI104073506504W400,1,443704.94375473633,1761.2330629733024
Mahihkan Battery 02-21,ABWI102052306504W400,1,441304.8655356557,1687.5187949599108
Mahihkan Battery 02-21,ABWI103112106604W400,2,441167.63955322147,2255.519471340359
Mahihkan Battery 02-21,ABWI100152106604W400,2,440134.4716996592,2227.736190197191
Nabiye 11-23,ABWI100073606603W400,2,437597.38250599214,2157.5156979934723
Mahihkan Battery 02-21,ABWI109092806504W400,1,437309.51747277763,1714.8753293817765
Nabiye 11-23,ABWI102103606603W400,1,434236.4041077182,1611.889798586046
Mahihkan Battery 02-21,ABWI100120406604W400,3,430694.43191466585,2414.8234567850304
Mahihkan Battery 02-21,ABWI102140306604W400,1,430264.5530230297,1604.5751711977855
Mahihkan Battery 02-21,ABWI111163406504W400,2,428286.14717047603,2359.767571763859
Mahihkan Battery 02-21,ABWI108132606504W400,2,426917.9007389568,2005.909027426479
Mahihkan Battery 02-21,ABWI103122206504W400,3,424738.6046137934,2625.7672607962963
Mahihkan Battery 02-21,ABWI113121106504W400,1,423494.63059895777,1694.3115601657782
Mahihkan Battery 02-21,ABWI103050306604W400,1,408498.4478641331,1799.7593020344596
Mahihkan Battery 02-21,ABWI104112706504W400,2,408014.6130527543,2149.3861781126857
Mahihkan Battery 02-21,ABWI100042206504W400,2,407927.80307407276,2262.583690241667
Nabiye 11-23,ABWI102132506603W400,1,407676.9570134978,1493.6791506477336
Nabiye 11-23,ABWI104021306603W400,2,407266.546657313,2158.087247331534
Nabiye 11-23,ABWI100063606603W400,2,404819.0458284652,2086.952966121294
Mahihkan Battery 02-21,ABWI108052206504W400,1,403433.54716411745,1762.5132318195635
Mahihkan Battery 02-21,ABWI100152006604W400,1,401347.5773287188,1286.8777975576638
Mahihkan Battery 02-21,ABWI108032206504W400,1,400332.8762647618,1641.5983739042883
Nabiye 11-23,ABWI103112406603W400,4,397747.52039855457,3102.169339944715
Mahihkan Battery 02-21,ABWI102102106604W400,2,397678.0894819506,2195.185503617685
Mahihkan Battery 02-21,ABWI100062206504W400,1,397297.5230485553,1542.0697822799948
Mahihkan Battery 02-21,ABWI106112206504W400,1,396796.3155311955,1574.04326138211
Mahihkan Battery 02-21,ABWI106163406504W400,1,394080.946694877,1564.8124387744142
Mahihkan Battery 02-21,ABWI109070306604W400,1,394050.93553548615,1346.8913296197663
Mahihkan Battery 02-21,ABWI102023506504W400,2,389298.21562214685,2061.5577053562406
Nabiye 11-23,ABWI100152506603W400,1,388366.5495892379,1480.0449344014078
Mahihkan Battery 02-21,ABWI104022706504W400,1,388051.3982886896,1475.9172240231926
Mahihkan Battery 02-21,ABWI102160506604W400,1,387865.99438869674,1672.116415535614
Mahihkan Battery 02-21,ABWI111041406504W400,1,387228.1874622833,1434.7691336550645
Nabiye 11-23,ABWI100141306603W400,2,386402.33734914736,2044.331025645608
Mahihkan Battery 02-21,ABWI108042806504W400,2,385924.7860239863,1995.1099713251651
Mahihkan Battery 02-21,ABWI103062106604W400,2,384543.4636803248,1922.777569720989
Nabiye 11-23,ABWI104022506603W400,2,384103.3988707741,2109.009299424515
Mahihkan Battery 02-21,ABWI114082106504W400,1,383702.67828061257,1660.6160368302396
Mahihkan Battery 02-21,ABWI108052306504W400,3,383535.0489792618,2651.9006549398932
Mahihkan Battery 02-21,ABWI109102206504W400,1,383044.61619994073,1605.7929531949708
Mahihkan Battery 02-21,ABWI110083406504W400,1,379435.7696346317,1560.7459967872194
Mahihkan Battery 02-21,ABWI108102806504W400,2,376552.2840048009,1873.9990076255597
Mahihkan Battery 02-21,ABWI104082806504W400,1,375698.56519071845,1576.2207079868583
Mahihkan Battery 02-21,ABWI102033406604W400,2,375644.40179203945,2042.935757712341
Mahihkan Battery 02-21,ABWI104101506504W400,2,375389.2293338141,2091.3251279671936
Mahihkan Battery 02-21,ABWI109071506504W400,2,374183.15739612345,2080.709874476196
Nabiye 11-23,ABWI100012506603W400,3,370365.16536455706,2581.766264299271
Mahihkan Battery 02-21,ABWI105060306604W400,1,363299.9081549376,1374.506061966613
Nabiye 11-23,ABWI100043606603W400,2,363159.0050191124,1974.7521542700633
Mahihkan Battery 02-21,ABWI106010306604W400,3,360671.8186668811,2409.0401319317584
Mahihkan Battery 02-21,ABWI103011506504W400,1,360365.8654453071,1521.235174283603
Mahihkan Battery 02-21,ABWI106131406504W400,1,359921.6875612979,1551.975972984514
Mahihkan Battery 02-21,ABWI100091606604W400,1,359512.7018609865,1607.9867836817502
Mahihkan Battery 02-21,ABWI108142806504W400,3,356706.9481338739,2341.03470053871
Nabiye 11-23,ABWI104152406603W400,2,355381.4596408569,1984.4384878898804
Mahihkan Battery 02-21,ABWI105052706504W400,1,354386.0757808126,1413.3311584543017
Nabiye 11-23,ABWI102091306603W400,2,354221.2950152308,1977.6584607288798
Mahihkan Battery 02-21,ABWI107052206504W400,2,353897.0216032358,2078.7543019661744
Mahihkan Battery 02-21,ABWI103062106504W400,1,352217.8133721459,1548.5975710427867
Mahihkan Battery 02-21,ABWI107131406504W400,2,351669.2801171501,2038.9675515793726
Nabiye 11-23,ABWI104081306603W400,1,349967.21259550896,1563.113565847543
Mahihkan Battery 02-21,ABWI108102206504W400,1,349173.09416793106,1547.4304851568436
Mahihkan Battery 02-21,ABWI108161506504W400,1,347826.520165913,1504.0787809206497
Mahihkan Battery 02-21,ABWI103062606504W400,1,346874.65125730884,1428.8957158151525
Mahihkan Battery 02-21,ABWI105042206504W400,2,346091.89165697945,2190.0222713117796
Mahihkan Battery 02-21,ABWI105022706504W400,2,340362.5708699268,1862.6645660323613
Mahihkan Battery 02-21,ABWI102152806504W400,1,339352.5628179299,1355.1584715115853
Mahihkan Battery 02-21,ABWI105102806504W400,2,336388.61097237875,2089.8804840198973
Mahihkan Battery 02-21,ABWI117022206504W400,1,334138.4695276349,1523.862480662573
Nabiye 11-23,ABWI105112406603W400,3,333342.6630224782,2351.234764881606
Nabiye 11-23,ABWI106081306603W400,1,332805.84756556124,1402.5466830309992
Mahihkan Battery 02-21,ABWI102022006604W400,1,332616.2046196383,1153.0264683324915
Mahihkan Battery 02-21,ABWI103132606504W400,1,331518.1823412703,1395.201673421792
Mahihkan Battery 02-21,ABWI104012106504W400,1,330146.5872338896,1472.4033244620914
Mahihkan Battery 02-21,ABWI110151006504W400,1,329900.4906873965,1481.918509697046
Mahihkan Battery 02-21,ABWI111141406504W400,1,329376.8098995482,1480.7796175139383
Mahihkan Battery 02-21,ABWI100073306604W400,3,327037.3112400125,2455.6904020287525
Mahihkan Battery 02-21,ABWI104042706504W400,2,324656.67973170255,1865.1127700071756
Mahihkan Battery 02-21,ABWI100042806504W400,2,323112.8565705258,1923.0954748025315
Mahihkan Battery 02-21,ABWI100072106604W400,2,321812.7371405974,1954.212598198751
Mahihkan Battery 02-21,ABWI110012706504W400,2,321323.7691360369,1883.2763470219998
Mahihkan Battery 02-21,ABWI102112106604W400,1,319894.1806129101,1406.5824400600864
Mahihkan Battery 02-21,ABWI108011006604W400,1,318340.700943993,1350.0213415658748
Mahihkan Battery 02-21,ABWI111072706504W400,1,318268.5631433603,1383.112471053474
Mahihkan Battery 02-21,ABWI107062706504W400,1,316091.6763160353,1379.9427494013314
Mahihkan Battery 02-21,ABWI109052206504W400,1,313828.8781342923,1439.4053774598865
Mahihkan Battery 02-21,ABWI100063506504W400,1,309864.30063917517,1221.518576657476
Mahihkan Battery 02-21,ABWI105091006504W400,1,307384.6463170695,1407.292730331119
Mahihkan Battery 02-21,ABWI102023406504W400,1,306121.48050257773,1307.1962448855925
Mahihkan Battery 02-21,ABWI102052706504W400,1,305919.53657655715,1351.6295639636387
Mahihkan Battery 02-21,ABWI105101406504W400,1,302523.48041981866,1353.09751082273
Nabiye 11-23,ABWI102112406603W400,1,298386.9530698001,1310.1077174948532
Nabiye 11-23,ABWI102082506603W400,3,295153.08557909064,2286.043599301464
Mahihkan Battery 02-21,ABWI103080506604W400,3,294296.6548164536,2084.7379434264344
Nabiye 11-23,ABWI106112406603W400,1,291022.96118698484,1295.743028206154
Mahihkan Battery 02-21,ABWI102053306604W400,2,290402.0768174552,1743.8294172378933
Mahihkan Battery 02-21,ABWI104163306504W400,2,289901.257285286,1579.75564439068
Mahihkan Battery 02-21,ABWI105112806504W400,1,287341.6205990248,1358.1193247595156
Mahihkan Battery 02-21,ABWI106062706504W400,1,287290.90582831745,1369.785865414576
Mahihkan Battery 02-21,ABWI100050306604W400,1,284990.6177867272,1279.8962998971513
Mahihkan Battery 02-21,ABWI100040906604W400,2,283742.98623437213,1603.542686282422
Mahihkan Battery 02-21,ABWI103010806604W400,1,281638.2766413486,1203.2717250010635
Mahihkan Battery 02-21,ABWI100162806504W400,1,280502.64757669653,1076.5008310932883
Mahihkan Battery 02-21,ABWI100130406604W400,1,279886.6817200169,1271.1249181025878
Mahihkan Battery 02-21,ABWI107072706504W400,1,278906.0998736636,1164.8280608630198
Mahihkan Battery 02-21,ABWI100102806504W400,1,278344.4932561362,1257.3180634056196
Mahihkan Battery 02-21,ABWI103062206504W400,2,278189.61596043565,1783.5983781101183
Mahihkan Battery 02-21,ABWI111112806504W400,3,277683.0946514334,2294.5018805420027
Mahihkan Battery 02-21,ABWI106022206504W400,2,276311.4425461828,1649.018624260214
Mahihkan Battery 02-21,ABWI104161506504W400,1,275164.8907364927,1350.7662697567157
Nabiye 11-23,ABWI104140106603W400,1,275123.6375383876,1188.5262091956176
Mahihkan Battery 02-21,ABWI103090506604W400,2,274712.8550899448,1520.8611199668876
Nabiye 11-23,ABWI105153606603W400,1,273832.34231096704,1181.0389143356413
Mahihkan Battery 02-21,ABWI100102806604W400,2,273109.28288631974,1752.614946975217
Mahihkan Battery 02-21,ABWI107151506504W400,3,272102.87936502445,2337.399972278409
Nabiye 11-23,ABWI102101306603W400,2,270498.7916761582,1678.1434049264262
Mahihkan Battery 02-21,ABWI102092806504W400,2,270286.2432495106,1742.0676909660856
Mahihkan Battery 02-21,ABWI106060306604W400,2,266639.2585366745,1725.3640327923924
Mahihkan Battery 02-21,ABWI109151406504W400,1,265169.3017829377,1196.2512954377655
Mahihkan Battery 02-21,ABWI109122806504W400,1,259636.31728048206,1321.6714207247423
Mahihkan Battery 02-21,ABWI104151006504W400,2,256102.2179812559,1766.7826152704915
Mahihkan Battery 02-21,ABWI105101006504W400,1,255655.09223936492,1016.0657392975418
Mahihkan Battery 02-21,ABWI108141006504W400,1,254787.79191270412,1232.61627306328
Mahihkan Battery 02-21,ABWI107092706504W400,1,254773.2090380911,1250.0346311769172
Mahihkan Battery 02-21,ABWI108072706504W400,2,251542.55927622743,1584.956303302302
Mahihkan Battery 02-21,ABWI104042206504W400,1,251020.1808320906,1248.707311048115
Nabiye 11-23,ABWI100052406603W400,4,250470.2308175736,2533.0592348067603
Mahihkan Battery 02-21,ABWI100123406504W400,2,250089.00926954293,1804.3339950465415
Mahihkan Battery 02-21,ABWI106073406504W400,1,249471.87955188996,1005.6079953979396
Mahihkan Battery 02-21,ABWI108073406504W400,1,249469.6493711863,1127.650907186665
Nabiye 11-23,ABWI105130106603W400,2,249230.26965229103,1387.6841463412393
Mahihkan Battery 02-21,ABWI103043506504W400,1,248635.77802063216,1267.904493895255
Mahihkan Battery 02-21,ABWI103042206504W400,1,246869.13001529663,1180.4740639596632
Mahihkan Battery 02-21,ABWI104091506504W400,1,245718.29901489173,1288.2582525830194
Mahihkan Battery 02-21,ABWI106102706504W400,1,245270.05308290612,1133.9616625969843
Mahihkan Battery 02-21,ABWI106142806504W400,1,242645.9547411056,1195.9488032330355
Mahihkan Battery 02-21,ABWI100023406504W400,1,242637.66732634668,1222.3239006762844
Mahihkan Battery 02-21,ABWI100092706504W400,1,240560.1296414428,1217.7098878790764
Mahihkan Battery 02-21,ABWI108123506504W400,1,239630.271552618,1223.4353268605544
Mahihkan Battery 02-21,ABWI110131106504W400,1,239493.7468299436,1150.265358019911
Mahihkan Battery 02-21,ABWI108042306504W400,1,238633.1171928058,1208.2373582246714
Mahihkan Battery 02-21,ABWI103032806504W400,1,236935.9302257551,1196.4538352821378
Mahihkan Battery 02-21,ABWI104010306604W400,2,236678.5109308957,1698.1450353344221
Mahihkan Battery 02-21,ABWI108012706504W400,1,235622.9285230512,1133.5478412026705
Mahihkan Battery 02-21,ABWI105012206504W400,2,232676.20523191674,1647.589801834681
Mahihkan Battery 02-21,ABWI113050306604W400,1,231946.36296179474,1110.805404207637
Nabiye 11-23,ABWI102042406603W400,2,231307.88658694547,1632.761230620024
Mahihkan Battery 02-21,ABWI102062706504W400,4,230199.68025035167,2720.6239097471803
Mahihkan Battery 02-21,ABWI105141506504W400,2,229335.04328627474,1706.3478871508196
Mahihkan Battery 02-21,ABWI106021506504W400,1,224485.5211678293,1125.1566429810875
Mahihkan Battery 02-21,ABWI111102706504W400,1,223702.79287649307,1144.6206270687585
Mahihkan Battery 02-21,ABWI103092806504W400,1,222428.12159013355,1078.5289142191104
Nabiye 11-23,ABWI102023506603W400,1,221879.40105008436,1088.6151758956494
Mahihkan Battery 02-21,ABWI102062106604W400,1,220262.71390311018,1137.13416571348
Nabiye 11-23,ABWI100142506603W400,1,219178.7444771033,1086.5543977695284
Mahihkan Battery 02-21,ABWI100022906604W400,1,217735.49098669481,964.7465371574916
Mahihkan Battery 02-21,ABWI109022206504W400,1,214151.707823977,1060.530306440114
Mahihkan Battery 02-21,ABWI110152906504W400,1,213024.39806957688,1185.2185033106248
Mahihkan Battery 02-21,ABWI102040306604W400,1,210703.33611654246,948.8137764676836
Mahihkan Battery 02-21,ABWI107142706504W400,1,210081.13802242576,1062.1150357538393
Mahihkan Battery 02-21,ABWI111120306604W400,1,209712.6994309481,902.6521019793378
Nabiye 11-23,ABWI103071306603W400,3,208804.80887147342,1804.5013209971771
Mahihkan Battery 02-21,ABWI111131406504W400,1,206854.48146722215,1085.4772920261044
Nabiye 11-23,ABWI106130106603W400,2,201829.73564902222,1548.9847919648605
Mahihkan Battery 02-21,ABWI107161506504W400,1,201329.45297918786,1032.0710918738623
Nabiye 11-23,ABWI106062406603W400,1,196532.2985316388,1019.5484302505888
Mahihkan Battery 02-21,ABWI106133406504W400,1,195820.5361874301,999.402470536929
Mahihkan Battery 02-21,ABWI100023506504W400,2,195800.77485966307,1528.5449424361411
Mahihkan Battery 02-21,ABWI108091006504W400,2,195709.32796649094,1569.5264966628527
Mahihkan Battery 02-21,ABWI104043306504W400,1,195150.66184498067,1088.7321714827362
Mahihkan Battery 02-21,ABWI108073506504W400,1,194099.1991569011,1045.8197254124257
Mahihkan Battery 02-21,ABWI112010406604W400,1,193991.74427316865,899.9486017994252
Mahihkan Battery 02-21,ABWI105030906604W400,1,190877.8943639805,1039.9759718819223
Mahihkan Battery 02-21,ABWI110131406504W400,2,190635.45585511683,1575.4896449398505
Mahihkan Battery 02-21,ABWI104052206504W400,2,190413.851361608,1608.4402231942895
Mahihkan Battery 02-21,ABWI100050406604W400,2,190267.8715048128,1323.048153796475
Mahihkan Battery 02-21,ABWI108021006604W400,1,189295.64600266732,1040.3189619743248
Nabiye 11-23,ABWI103161206603W400,1,189134.7676255911,1055.231250658565
Nabiye 11-23,ABWI102032406603W400,2,187020.44432262826,1489.7294953019025
Mahihkan Battery 02-21,ABWI106082706504W400,1,183357.77049161686,1005.5632044876962
Mahihkan Battery 02-21,ABWI102151606604W400,1,181581.97391998346,1003.4429386306426
Mahihkan Battery 02-21,ABWI100142606504W400,1,180135.68008595984,1013.4629655572332
Mahihkan Battery 02-21,ABWI107071506504W400,3,179557.2792093472,1938.6210664254124
Mahihkan Battery 02-21,ABWI103160506604W400,1,178612.61433813133,1021.3989163802552
Mahihkan Battery 02-21,ABWI100021506504W400,1,175774.69355559954,1026.9259743730056
Mahihkan Battery 02-21,ABWI103031506504W400,2,174814.59674382833,1542.6768545355371
Mahihkan Battery 02-21,ABWI103111506504W400,3,174187.02562354243,2094.562252031702
Mahihkan Battery 02-21,ABWI112050306604W400,1,171471.82563548558,846.9824599392023
Mahihkan Battery 02-21,ABWI110091506504W400,1,170796.7596846395,969.403829510224
Mahihkan Battery 02-21,ABWI104142106604W400,2,169052.87280610716,1436.3310126339043
Mahihkan Battery 02-21,ABWI102070906604W400,2,168426.21317713655,1462.6614303385957
Mahihkan Battery 02-21,ABWI111121106504W400,1,168105.06803270557,891.0598154221744
Mahihkan Battery 02-21,ABWI109052706504W400,2,167743.6289903217,1371.7692715595845
Mahihkan Battery 02-21,ABWI102151406504W400,1,167085.90289054753,1016.809459222942
Mahihkan Battery 02-21,ABWI104012206504W400,1,166572.96717424257,928.6354411459414
Mahihkan Battery 02-21,ABWI102112806604W400,1,165939.27759585806,935.5791879386658
Nabiye 11-23,ABWI102152406603W400,2,165715.86506695318,1405.483267965558
Nabiye 11-23,ABWI103131306603W400,2,165236.27918271534,1473.8234778671397
Mahihkan Battery 02-21,ABWI100032806604W400,3,165106.85146061916,1947.7177425568125
Mahihkan Battery 02-21,ABWI107033306604W400,1,163497.36026059708,873.672838283915
Mahihkan Battery 02-21,ABWI114141506504W400,1,161353.25919125992,860.2314378788335
Mahihkan Battery 02-21,ABWI107062206504W400,1,157452.48019763187,987.1668389101908
Mahihkan Battery 02-21,ABWI107141506504W400,1,155791.64807966872,923.2650765194148
Nabiye 11-23,ABWI103082506603W400,1,154490.25514691308,894.2935488743632
Mahihkan Battery 02-21,ABWI108033506504W400,1,154221.9918601503,916.534528996158
Mahihkan Battery 02-21,ABWI102080506604W400,2,153802.79949829914,1324.862196470112
Mahihkan Battery 02-21,ABWI108120306604W400,1,152638.6366671041,821.5459709017557
Mahihkan Battery 02-21,ABWI102061506504W400,2,150897.15862135333,1281.5235299088608
Mahihkan Battery 02-21,ABWI1W0052806504W400,2,149917.58312491208,1301.8496603503315
Mahihkan Battery 02-21,ABWI111050306604W400,1,148952.141385727,818.1969245309265
Mahihkan Battery 02-21,ABWI104042806504W400,1,145605.920083485,957.5464209709124
Mahihkan Battery 02-21,ABWI102032306504W400,1,144542.0912917611,775.4876113823844
Mahihkan Battery 02-21,ABWI106151006504W400,2,144523.57418249833,1483.4898989665962
Mahihkan Battery 02-21,ABWI102020306604W400,1,144135.8323661274,921.4724435472584
Nabiye 11-23,ABWI104121206603W400,2,143719.1467093724,1318.051939277626
Mahihkan Battery 02-21,ABWI102132806604W400,2,142726.41379049263,1404.3924342376945
Mahihkan Battery 02-21,ABWI100152806504W400,2,139435.53625126256,1404.3694748598373
Mahihkan Battery 02-21,ABWI111052206504W400,1,136711.0469839201,954.3126106620664
Mahihkan Battery 02-21,ABWI104061506504W400,1,136519.18957637562,820.939705895657
Mahihkan Battery 02-21,ABWI104072206504W400,3,136359.35203082272,1730.133094747753
Mahihkan Battery 02-21,ABWI109161006504W400,1,135476.1706402818,913.4869388256502
Mahihkan Battery 02-21,ABWI109012706504W400,1,134667.07187209648,834.1026160730553
Mahihkan Battery 02-21,ABWI103151506504W400,1,133983.56782499596,893.6061167444257
Nabiye 11-23,ABWI100023606603W400,2,133600.92823489994,1314.0241373264098
Mahihkan Battery 02-21,ABWI104133506504W400,1,131632.76594025857,931.2199052222776
Nabiye 11-23,ABWI102012306603W400,3,129588.81080105204,1850.0415727554328
Mahihkan Battery 02-21,ABWI104022106604W400,3,129189.88087295111,1803.0074511331318
Mahihkan Battery 02-21,ABWI105161606504W400,1,128786.94372996457,858.1470848704153
Mahihkan Battery 02-21,ABWI109082106504W400,1,127464.88690170317,889.5287314854831
Mahihkan Battery 02-21,ABWI108012906504W400,1,126372.87146231138,886.1710004875434
Mahihkan Battery 02-21,ABWI103010306604W400,1,124640.06494382594,866.9548397188885
Mahihkan Battery 02-21,ABWI107112206504W400,1,123413.8120182429,844.5755465906706
Mahihkan Battery 02-21,ABWI108152906504W400,3,122612.06097166098,1849.4068565211041
Mahihkan Battery 02-21,ABWI107101406504W400,1,122113.96036486754,796.4801904720674
Mahihkan Battery 02-21,ABWI109122606504W400,1,117822.98093654793,794.3101781301135
Nabiye 11-23,ABWI107062406603W400,3,116066.28317967945,1657.4575101491541
Mahihkan Battery 02-21,ABWI108091506504W400,2,113357.21387925428,1232.5987959100114
Mahihkan Battery 02-21,ABWI107021506504W400,1,109890.40430915932,848.8306447794225
Nabiye 11-23,ABWI106011306603W400,3,106463.85811185786,1636.75406863573
Mahihkan Battery 02-21,ABWI100043506504W400,2,105848.57242249713,1318.0630023243093
Mahihkan Battery 02-21,ABWI109091606504W400,3,105199.43928484671,1893.8035522048374
Nabiye 11-23,ABWI104062406603W400,2,100798.62160156376,1157.070878220726
Mahihkan Battery 02-21,ABWI106152706504W400,1,100154.33820341238,781.1884285201753
Nabiye 11-23,ABWI100082606603W400,2,99469.2638051104,1234.2181770568163
Mahihkan Battery 02-21,ABWI102022206604W400,1,98145.84386340098,717.4007079222758
Mahihkan Battery 02-21,ABWI102142606504W400,1,94173.16364813392,792.8833010960673
Mahihkan Battery 02-21,ABWI109032206504W400,1,93492.54832612387,844.1183859515604
Mahihkan Battery 02-21,ABWI107112606504W400,1,92233.19670130727,586.583244996133
Mahihkan Battery 02-21,ABWI107023506504W400,1,91474.64861189245,758.187381114397
Mahihkan Battery 02-21,ABWI100082806504W400,1,90492.471834976,638.2196854616967
Nabiye 11-23,ABWI103151206603W400,2,88507.23398293814,1272.6808205129569
Mahihkan Battery 02-21,ABWI100071506504W400,2,87836.4795246266,1318.1000311273774
Nabiye 11-23,ABWI103062406603W400,1,87461.38350408821,696.5556059164259
Mahihkan Battery 02-21,ABWI107112806504W400,1,86662.44836440106,800.1651042464114
Mahihkan Battery 02-21,ABWI104062206504W400,1,86658.76916940871,743.9363763932347
Mahihkan Battery 02-21,ABWI107102806504W400,1,86151.47979699998,712.7814211102149
Nabiye 11-23,ABWI105062406603W400,2,82252.08671538472,1190.8809615655596
Mahihkan Battery 02-21,ABWI104112806604W400,1,81718.0642595563,749.0455173637671
Mahihkan Battery 02-21,ABWI109111406504W400,1,77640.9271211274,751.8202852817526
Nabiye 11-23,ABWI108130106603W400,1,75002.071385213,619.5702976442399
Mahihkan Battery 02-21,ABWI106060906604W400,1,73231.74244901689,701.6657076044977
Mahihkan Battery 02-21,ABWI111022206504W400,1,73073.03879499307,696.5252955191761
Mahihkan Battery 02-21,ABWI106161506504W400,1,72023.06570048515,701.0144918232777
Mahihkan Battery 02-21,ABWI100090506604W400,1,69061.28173379632,672.1674632370781
Mahihkan Battery 02-21,ABWI107030306604W402,1,69031.69105154864,716.9376519721744
Mahihkan Battery 02-21,ABWI102102906504W400,1,65948.7438965479,626.1090536945816
Nabiye 11-23,ABWI102121306603W400,1,65705.91973344365,596.0441114312196
Nabiye 11-23,ABWI103081106603W400,2,64250.979339896956,1240.9514567073143
Mahihkan Battery 02-21,ABWI102093406504W400,1,63025.440318316905,707.9210709841764
Mahihkan Battery 02-21,ABWI100133506504W400,3,59199.36361426127,1729.2358963493864
Mahihkan Battery 02-21,ABWI104151406504W400,4,58853.199212044565,2225.4780093810605
Mahihkan Battery 02-21,ABWI108101006504W400,1,56141.305885956775,638.4052552356161
Mahihkan Battery 02-21,ABWI108141506504W400,1,55827.33025087987,679.5881501062985
Mahihkan Battery 02-21,ABWI104092106504W400,2,54731.20767021042,1272.9646598825218
Mahihkan Battery 02-21,ABWI107143406504W400,1,53605.52911026049,617.2689529400917
Nabiye 11-23,ABWI106122506603W400,1,53496.001760789644,628.0649074523577
Mahihkan Battery 02-21,ABWI103131406504W400,1,53095.969354063185,612.4641028918796
Nabiye 11-23,ABWI100101206603W400,1,51984.765998632465,623.3281757359713
Nabiye 11-23,ABWI104011306603W400,2,51616.98316416654,1185.5265516789445
Nabiye 11-23,ABWI102071306603W400,1,51157.55751073088,660.5247884752426
Mahihkan Battery 02-21,ABWI106081506504W400,2,50417.62143882537,1240.4610371836
Mahihkan Battery 02-21,ABWI108161006504W400,2,47698.88784151749,1106.9242972535571
Mahihkan Battery 02-21,ABWI107091506504W400,3,46294.6920664222,1620.422018839924
Mahihkan Battery 02-21,ABWI103032206504W400,1,45873.05115137561,645.7391684482759
Mahihkan Battery 02-21,ABWI105132606504W400,2,44259.75434318141,1126.2042565237025
Mahihkan Battery 02-21,ABWI109113506504W400,1,42950.128395364736,629.6354988563348
Mahihkan Battery 02-21,ABWI112092906504W400,2,42716.5676584452,1117.9247545340818
Mahihkan Battery 02-21,ABWI105112806604W400,2,41695.31969053994,1151.0819775319742
Mahihkan Battery 02-21,ABWI102141606604W400,1,41637.41595547862,494.85031700034295
Mahihkan Battery 02-21,ABWI102063306604W400,1,36422.8581716218,597.2313552254287
Mahihkan Battery 02-21,ABWI104142806604W400,1,34905.79868596043,644.3868368906881
Mahihkan Battery 02-21,ABWI102041506604W400,1,34561.350769805875,494.0254713947997
Mahihkan Battery 02-21,ABWI104121506504W400,1,33412.00468731667,597.6530321161091
Mahihkan Battery 02-21,ABWI105023506504W400,1,33146.63672938982,604.084764302954
Nabiye 11-23,ABWI106041206603W400,1,33140.98491365665,556.1492340272503
Mahihkan Battery 02-21,ABWI104112206504W400,2,32842.5367027583,1067.0684494440309
Mahihkan Battery 02-21,ABWI102032206504W400,1,31685.91554837275,486.8437261644862
Mahihkan Battery 02-21,ABWI102032106604W400,2,24412.52922298186,1020.1037668443083
Mahihkan Battery 02-21,ABWI100032206504W400,1,22605.922001060157,634.3145908255005
Nabiye 11-23,ABWI105131306603W400,3,22443.4438686442,1575.9256708866587
Mahihkan Battery 02-21,ABWI108131406504W400,2,22000.002041073763,1128.0529728688775
Nabiye 11-23,ABWI102162406603W400,2,21639.275729257206,1019.5422870421825
Mahihkan Battery 02-21,ABWI110122606504W400,2,21523.38529847312,1122.5308588652376
Mahihkan Battery 02-21,ABWI112092706504W400,1,20872.74552938711,567.1447705442687
Mahihkan Battery 02-21,ABWI103130306604W400,1,19086.85869683372,573.3826994821973
Nabiye 11-23,ABWI103091106603W400,2,18104.291594940936,1035.4526191538762
Mahihkan Battery 02-21,ABWI107032306504W400,1,17547.164023703284,578.4439345933623
Mahihkan Battery 02-21,ABWI102072106604W400,1,17060.001516018994,502.7875827750362
Mahihkan Battery 02-21,ABWI105022206504W400,1,16723.117790174645,550.7422737419228
Mahihkan Battery 02-21,ABWI105042606504W400,1,16540.419410632825,409.4285830946652
Mahihkan Battery 02-21,ABWI108111006504W400,1,15143.3750598107,431.61835901341
Mahihkan Battery 02-21,ABWI108151606604W400,1,15121.12057929972,445.1996460739589
Mahihkan Battery 02-21,ABWI102142106604W400,1,14225.761995566114,504.558327066954
Mahihkan Battery 02-21,ABWI105082906504W400,1,12013.076554797513,537.2138128765883
Mahihkan Battery 02-21,ABWI102161506504W400,1,11649.939546297763,517.3327387959674
Mahihkan Battery 02-21,ABWI103092906504W400,1,11566.136292320036,446.14666214936335
Mahihkan Battery 02-21,ABWI108021506504W400,1,8076.965756378925,440.6312187304792
Nabiye 11-23,ABWI100032406603W400,3,5918.11689616488,1499.968534821469
Mahihkan Battery 02-21,ABWI111082706504W400,2,2645.084163475476,912.2743951263528
Mahihkan Battery 02-21,ABWI110161506504W400,2,1313.1794634238613,1019.9875679768916
Mahihkan Battery 02-21,ABWI104102806504W400,1,1130.039399311774,450.0831505795533
Mahihkan Battery 02-21,ABWI102101006504W400,1,912.008822992995,471.7514540530754
Mahihkan Battery 02-21,ABWI102092106504W400,1,255.17002149026212,472.6921247052945
Mahihkan Battery 02-21,ABWI110153406504W400,2,29.542029568197904,1101.5741449835734
Mahihkan Battery 02-21,ABWI103052606504W400,1,-59.85882317795085,481.85725190891
Mahihkan Battery 02-21,ABWI102151506504W400,1,-416.7833289271839,522.8868217454545
Nabiye 11-23,ABWI104160206603W400,1,-2038.7272700944336,498.1186518343322
Nabiye 11-23,ABWI103121206603W402,3,-4833.504428653701,1462.9888326523928
Mahihkan Battery 02-21,ABWI102043506504W400,3,-7865.450302874451,1385.736508617755
Mahihkan Battery 02-21,ABWI103072906504W400,3,-8731.020050006453,1492.503387631082
Nabiye 11-23,ABWI100021306603W400,2,-9488.681952726343,997.0774915533461
Mahihkan Battery 02-21,ABWI112082106504W400,1,-9999.246643739458,518.1809906334718
Nabiye 11-23,ABWI102021306603W400,3,-11630.558987503595,1506.8725578347494
Nabiye 11-23,ABWI104061206603W400,2,-11702.475322207305,948.384901753981
Nabiye 11-23,ABWI102151206603W400,1,-11943.935825086626,441.68977353447616
Mahihkan Battery 02-21,ABWI104033506504W402,1,-12391.351606891281,464.24974647495446
Mahihkan Battery 02-21,ABWI107062806504W400,1,-13737.314969436844,497.26690890898976
Nabiye 11-23,ABWI105161206603W400,1,-14793.78124681439,429.1325457630584
Mahihkan Battery 02-21,ABWI105151006504W400,1,-14926.654968684063,471.6932491795726
Mahihkan Battery 02-21,ABWI100141606604W400,1,-15444.997246608318,439.1075716823674
Mahihkan Battery 02-21,ABWI104072606504W400,1,-15977.51226795392,482.41021399415945
Mahihkan Battery 02-21,ABWI109092706504W400,2,-16670.20569777528,958.8611060174665
Mahihkan Battery 02-21,ABWI108062206504W400,2,-19135.42343948,1039.0139762521928
Mahihkan Battery 02-21,ABWI110161006504W400,3,-19508.74193072712,1458.1434017821605
Mahihkan Battery 02-21,ABWI109011506504W400,2,-19759.83458699809,956.5236725821114
Mahihkan Battery 02-21,ABWI110161606504W400,3,-20755.54645376785,1502.486388292233
Nabiye 11-23,ABWI102111206603W400,2,-21142.850870749156,902.2103637738453
Mahihkan Battery 02-21,ABWI105081506504W400,3,-25464.179283026024,1509.3627788651668
Mahihkan Battery 02-21,ABWI105132806504W400,1,-26054.202852581475,430.6306211768463
Mahihkan Battery 02-21,ABWI107010306604W400,1,-26815.57025650893,453.76975773639134
Mahihkan Battery 02-21,ABWI108112606504W400,1,-28804.818432696873,362.53237816833285
Mahihkan Battery 02-21,ABWI104132806504W400,1,-29768.119794415426,416.49401142850553
Mahihkan Battery 02-21,ABWI107082106504W400,2,-31745.084276678277,970.3721342682265
Mahihkan Battery 02-21,ABWI103152106604W400,1,-34752.815753814524,460.0951672427976
Mahihkan Battery 02-21,ABWI110101506504W400,1,-36558.27228800074,457.3623412998351
Mahihkan Battery 02-21,ABWI104151606504W400,1,-38053.78543735615,361.1407959315268
Mahihkan Battery 02-21,ABWI107101506504W400,3,-38605.05510425403,1415.1756181246155
Mahihkan Battery 02-21,ABWI112052206504W400,1,-38749.48983819748,392.9938096770976
Mahihkan Battery 02-21,ABWI109152906504W400,1,-39215.4204601366,352.6437893070159
Mahihkan Battery 02-21,ABWI109160306604W400,1,-40898.49340931583,358.0578584466342
Mahihkan Battery 02-21,ABWI104111506504W400,1,-42437.7416017812,403.9815252043675
Mahihkan Battery 02-21,ABWI109091006504W400,1,-42568.80034448271,404.01154048324696
Mahihkan Battery 02-21,ABWI112132606504W400,1,-42879.63653279678,431.39855323451695
Mahihkan Battery 02-21,ABWI105073506504W400,1,-43378.85558078879,377.2685118439309
Nabiye 11-23,ABWI100091206603W400,1,-44000.82610096999,394.3897598815382
Nabiye 11-23,ABWI105041206603W400,2,-44111.16225705521,923.8233721813039
Mahihkan Battery 02-21,ABWI107063306604W400,1,-47112.95491607473,304.7627638833188
Nabiye 11-23,ABWI104042406603W400,3,-47301.67931642315,1383.542259276102
Mahihkan Battery 02-21,ABWI105012106504W400,1,-47859.64041215361,401.1810737039292
Mahihkan Battery 02-21,ABWI109091506504W400,1,-48491.96441696394,327.00811641776727
Mahihkan Battery 02-21,ABWI103112206504W400,2,-49218.208640462726,858.0366129243891
Mahihkan Battery 02-21,ABWI108101406504W400,1,-49403.57735635701,354.8180932743284
Mahihkan Battery 02-21,ABWI1S0022806604W400,1,-49962.22358793524,345.81441691271283
Mahihkan Battery 02-21,ABWI102102706504W400,1,-50145.920020881575,409.6541763884579
Mahihkan Battery 02-21,ABWI106103406504W400,1,-50599.51866043044,387.1322182054757
Nabiye 11-23,ABWI100042406603W400,2,-51538.93240820176,813.986853197888
Nabiye 11-23,ABWI103081306603W400,3,-51620.96334926914,1411.9981557451695
Mahihkan Battery 02-21,ABWI100132206504W400,1,-56133.770367409,362.6700034555256
Mahihkan Battery 02-21,ABWI106111006504W400,1,-56197.21599813092,382.3785150965092
Mahihkan Battery 02-21,ABWI102142806604W400,2,-57010.79029488341,757.933282434202
Mahihkan Battery 02-21,ABWI100052606504W400,2,-57825.04896029693,904.2021101821092
Mahihkan Battery 02-21,ABWI103121506504W400,2,-60915.8960355452,851.8155193023077
Mahihkan Battery 02-21,ABWI102101506504W400,2,-61800.33273205701,904.0915113824351
Mahihkan Battery 02-21,ABWI109151506504W400,1,-62160.19631745736,337.3814563207714
Mahihkan Battery 02-21,ABWI108072206504W400,3,-62486.30478678687,1286.144400868384
Mahihkan Battery 02-21,ABWI100070306604W400,2,-63365.011958779476,825.2854675642703
Nabiye 11-23,ABWI100161406603W400,2,-63603.47608139111,840.5996383880804
Mahihkan Battery 02-21,ABWI100142906504W400,3,-63722.48701045253,1120.2537470797008
Mahihkan Battery 02-21,ABWI100081606604W400,1,-64112.803722315475,349.53264954107425
Mahihkan Battery 02-21,ABWI107160306604W400,1,-64522.84134250659,267.3901418973365
Mahihkan Battery 02-21,ABWI103072806604W400,1,-65313.07214424867,225.02910279260277
Mahihkan Battery 02-21,ABWI100032806504W400,1,-68472.40523907769,298.15902957470195
Mahihkan Battery 02-21,ABWI103113506504W400,2,-68529.26736643126,813.3314069148009
Mahihkan Battery 02-21,ABWI104062706504W400,1,-70222.57104138465,344.08382705773084
Mahihkan Battery 02-21,ABWI105142806604W400,3,-72652.38219725488,1327.158950414804
Mahihkan Battery 02-21,ABWI104122206504W400,1,-73310.94259610784,330.9289475714038
Mahihkan Battery 02-21,ABWI102072706504W400,2,-74928.28319835609,877.5829288355643
Mahihkan Battery 02-21,ABWI100020306604W400,1,-74931.20193444668,315.255243799021
Mahihkan Battery 02-21,ABWI113102906504W400,2,-75100.04963142927,660.691529406919
Mahihkan Battery 02-21,ABWI103161506504W400,2,-75983.68003663307,774.9531743528341
Mahihkan Battery 02-21,ABWI1S0032806604W400,1,-80588.63298567882,312.6564795518943
Mahihkan Battery 02-21,ABWI100102906504W400,1,-80629.33155776828,304.594810939236
Mahihkan Battery 02-21,ABWI105022806604W400,1,-81781.68361981955,309.3028381016856
Mahihkan Battery 02-21,ABWI103133506504W400,2,-82017.79516733458,827.6031146592165
Mahihkan Battery 02-21,ABWI106111506504W400,3,-84979.73612620376,1313.4886782949386
Mahihkan Battery 02-21,ABWI100152106504W400,1,-87000.16177391497,226.29874924152284
Mahihkan Battery 02-21,ABWI100092206504W400,2,-88063.33767659792,701.7623791130904
Nabiye 11-23,ABWI105051206603W400,3,-88388.93605218481,1290.7264442143394
Mahihkan Battery 02-21,ABWI105082706504W400,2,-90558.91755313682,709.059026091009
Nabiye 11-23,ABWI102161206603W400,2,-92114.27713295259,743.4694433839506
Mahihkan Battery 02-21,ABWI112101506504W400,1,-93074.23400383428,284.0461872148684
Mahihkan Battery 02-21,ABWI106063506504W402,1,-95605.60186014671,242.5080964152992
Nabiye 11-23,ABWI104161206603W400,1,-96079.28294572132,288.1055766093747
Mahihkan Battery 02-21,ABWI110021506504W400,1,-96701.22592307413,273.55704047579303
Mahihkan Battery 02-21,ABWI102112906504W400,1,-96817.74981786417,255.82429876359163
Mahihkan Battery 02-21,ABWI106112706504W400,2,-98837.65646861895,777.563766445819
Mahihkan Battery 02-21,ABWI100072806604W400,1,-100188.01923196735,260.0073410838152
Mahihkan Battery 02-21,ABWI104032806604W400,1,-103137.23717706693,192.51660062528023
Mahihkan Battery 02-21,ABWI103023506504W400,1,-105160.3169319454,220.4766738405973
Mahihkan Battery 02-21,ABWI112121106504W400,1,-106717.5141952659,228.4560109415894
Mahihkan Battery 02-21,ABWI105092106504W400,1,-106932.48093455555,223.8539420199622
Mahihkan Battery 02-21,ABWI105101506504W400,1,-107796.94471884944,212.66776193514863
Mahihkan Battery 02-21,ABWI105032206504W400,2,-108386.88924422066,752.7641626668899
Mahihkan Battery 02-21,ABWI110102206504W400,2,-109653.45620232174,749.7009441716107
Mahihkan Battery 02-21,ABWI111052606504W400,1,-109895.7986640283,199.47841718446736
Mahihkan Battery 02-21,ABWI104052606504W400,1,-110552.17702755891,185.2609068483765
Mahihkan Battery 02-21,ABWI105083406504W400,1,-111568.76271238373,176.5508393512229
Mahihkan Battery 02-21,ABWI111161006504W400,1,-111851.27334680482,195.5253985754977
Mahihkan Battery 02-21,ABWI108163406504W400,1,-112202.30683243406,231.80985856493285
Mahihkan Battery 02-21,ABWI105103406504W400,1,-112258.54616735782,218.1327939460928
Mahihkan Battery 02-21,ABWI108162706504W400,1,-112738.23239081806,182.84521171577717
Mahihkan Battery 02-21,ABWI109131106504W400,1,-113642.76286823042,130.97076285988356
Nabiye 11-23,ABWI102101206603W400,2,-115455.07640958896,716.2443885985523
Mahihkan Battery 02-21,ABWI103091606504W400,2,-118342.04192903714,774.8964595574733
Mahihkan Battery 02-21,ABWI109161406504W400,1,-118404.26170945304,147.19458380754818
Mahihkan Battery 02-21,ABWI105162906504W400,1,-118782.73706268675,143.07238412251647
Mahihkan Battery 02-21,ABWI100073506504W400,1,-119768.1718156848,200.9890345677109
Mahihkan Battery 02-21,ABWI105093406504W400,1,-122705.8960654193,169.30129063471665
Mahihkan Battery 02-21,ABWI103151406504W400,1,-123842.883154526,163.04072625124934
Mahihkan Battery 02-21,ABWI107013406504W400,2,-125759.22728703028,607.8015075807796
Mahihkan Battery 02-21,ABWI100112106504W400,1,-126669.26079449472,194.00884753789776
Mahihkan Battery 02-21,ABWI102111506504W400,1,-128482.57722899552,189.82817393460456
Nabiye 11-23,ABWI102031206603W400,1,-128890.1834166764,184.9439230765213
Mahihkan Battery 02-21,ABWI100031506504W400,2,-129488.69250717692,661.5353875653336
Mahihkan Battery 02-21,ABWI107102106504W400,1,-130169.21208516987,169.58335362651846
Mahihkan Battery 02-21,ABWI110032206504W400,1,-130369.17873595512,157.1284606010464
Mahihkan Battery 02-21,ABWI107103406504W400,1,-130644.76689555682,157.0547496904349
Mahihkan Battery 02-21,ABWI103142106604W400,2,-131784.87662788684,646.9412849037817
Nabiye 11-23,ABWI103140106603W400,1,-133169.1913354794,153.07171959494758
Mahihkan Battery 02-21,ABWI105062706504W400,1,-135420.83810107858,162.3507900725797
Mahihkan Battery 02-21,ABWI103073406504W400,1,-135976.18311399865,157.11558420457465
Nabiye 11-23,ABWI1W0042406603W400,3,-136066.4422782708,1159.5750189156195
Mahihkan Battery 02-21,ABWI109121406504W400,1,-136132.95702117117,166.27959527776943
Mahihkan Battery 02-21,ABWI110142806504W400,1,-138441.8058030696,151.06422921255196
Mahihkan Battery 02-21,ABWI104151506504W400,2,-140611.98354771163,575.6394239126399
Mahihkan Battery 02-21,ABWI105102706504W400,2,-143629.34277845494,644.8939105808745
Mahihkan Battery 02-21,ABWI108102106504W400,1,-143940.48695305263,140.57162070070072
Mahihkan Battery 02-21,ABWI107061506504W402,1,-144171.43951116042,139.86006178776813
Nabiye 11-23,ABWI100121306603W400,2,-145296.07841208213,619.4428290777207
Mahihkan Battery 02-21,ABWI103122806504W400,1,-149551.12077450514,125.31732519672768
Mahihkan Battery 02-21,ABWI100151006504W400,1,-150326.32962555176,95.5085040059902
Mahihkan Battery 02-21,ABWI103102206504W400,1,-152314.98206314142,107.47745541943314
Mahihkan Battery 02-21,ABWI109111006504W400,1,-152612.54051464106,74.28379824337408
Nabiye 11-23,ABWI103011306603W400,1,-152930.40204476938,96.60721262600585
Mahihkan Battery 02-21,ABWI100101606504W400,1,-155818.86311180438,86.43686547083855
Mahihkan Battery 02-21,ABWI106022806604W400,2,-155853.1554565471,598.8515455360575
Mahihkan Battery 02-21,ABWI100160306604W400,1,-155976.59165087188,90.01307817104448
Mahihkan Battery 02-21,ABWI107151006504W400,2,-156117.51591949898,559.4739881852363
Mahihkan Battery 02-21,ABWI108091606504W400,1,-156777.43298023465,94.8112445560667
Mahihkan Battery 02-21,ABWI110092106504W400,2,-157021.82899417204,637.3385022692719
Mahihkan Battery 02-21,ABWI109052806504W400,1,-157354.21878670898,86.08266620538888
Mahihkan Battery 02-21,ABWI105133506504W400,1,-157601.448005914,96.17994905502252
Mahihkan Battery 02-21,ABWI104082106504W400,1,-159139.929334413,95.1117987549818
Mahihkan Battery 02-21,ABWI103091506504W400,2,-161034.73456531312,605.3799077173386
Nabiye 11-23,ABWI107051206603W400,2,-161128.8800405443,553.6782107463216
Mahihkan Battery 02-21,ABWI104142206504W400,1,-161315.72022100867,96.2763023986484
Mahihkan Battery 02-21,ABWI103052206504W400,1,-163441.59589342805,83.07925808000613
Mahihkan Battery 02-21,ABWI104113506504W400,1,-163549.91776765115,60.35608443157883
Mahihkan Battery 02-21,ABWI109102106504W400,1,-165297.3731617512,87.2957174444759
Mahihkan Battery 02-21,ABWI106070306604W400,1,-165516.8541034332,63.94847157415731
Mahihkan Battery 02-21,ABWI104131406504W400,1,-167630.22748369735,66.43324876053472
Mahihkan Battery 02-21,ABWI105121506504W400,1,-169592.6741122781,51.142459920240206
Mahihkan Battery 02-21,ABWI104122606504W400,1,-169724.33221793326,73.67436463138067
Mahihkan Battery 02-21,ABWI100122206504W400,1,-170652.8535148796,51.32847811302322
Nabiye 11-23,ABWI102011106603W400,2,-173420.17374424933,505.78922556015294
Mahihkan Battery 02-21,ABWI100072106504W400,1,-176600.73989440998,50.208574078205366
Mahihkan Battery 02-21,ABWI103061506504W400,1,-178471.99815157984,38.579901585212966
Mahihkan Battery 02-21,ABWI102082206504W400,2,-178517.2217346203,555.8550259231757
Mahihkan Battery 02-21,ABWI103142806604W400,1,-179970.70604911135,37.28999116592211
Mahihkan Battery 02-21,ABWI103093406504W400,2,-182988.99846742454,472.2688135126165
Mahihkan Battery 02-21,ABWI103083406504W400,1,-185419.76773970376,26.24294334567349
Mahihkan Battery 02-21,ABWI104030306604W400,3,-185531.60092167195,1062.8932152056873
Mahihkan Battery 02-21,ABWI105011506504W400,1,-185597.69568331097,22.74646845122746
Nabiye 11-23,ABWI102062406603W400,2,-187146.2801691908,523.4317945093402
Mahihkan Battery 02-21,ABWI100132606504W400,1,-188603.26045152562,24.123676696822187
Mahihkan Battery 02-21,ABWI107163406504W400,1,-188951.44168421486,17.645453122888693
Mahihkan Battery 02-21,ABWI103032306504W400,1,-189241.80871608673,24.28231138697513
Mahihkan Battery 02-21,ABWI104042606504W400,1,-190178.3229101937,22.020780480750823
Mahihkan Battery 02-21,ABWI111032306504W400,1,-191617.83241151483,14.487610639286164
Mahihkan Battery 02-21,ABWI100113406504W400,1,-192169.67517081203,14.778190554386148
Nabiye 11-23,ABWI108051206603W400,2,-195165.18966120042,413.17740849713994
Mahihkan Battery 02-21,ABWI110121406504W400,1,-197595.15206233697,3.726654970185363
Nabiye 11-23,ABWI102091206603W400,2,-201844.90221845673,457.5181651336095
Nabiye 11-23,ABWI103160206603W400,3,-201891.04049651168,904.3267253047517
Mahihkan Battery 02-21,ABWI110113506504W400,2,-202015.85479535605,489.7475285670404
Mahihkan Battery 02-21,ABWI102072106504W400,2,-204075.10965837404,500.60298627175194
Mahihkan Battery 02-21,ABWI110151506504W400,2,-206323.7027561647,502.7656279717381
Mahihkan Battery 02-21,ABWI107070306604W400,2,-206573.00932122816,480.81642134126946
Mahihkan Battery 02-21,ABWI108062806504W400,2,-208383.74646298992,485.396792980493
Mahihkan Battery 02-21,ABWI100151506504W400,2,-212283.56660386486,429.8395765728622
Mahihkan Battery 02-21,ABWI108112806504W400,3,-212944.78352703937,994.0508776714239
Mahihkan Battery 02-21,ABWI105042306504W400,4,-214381.78216837742,1551.6377931178931
Nabiye 11-23,ABWI104151206603W400,2,-214960.58772374,493.131604038586
Mahihkan Battery 02-21,ABWI109161506504W400,4,-221910.10587607842,1445.9374883077614
Nabiye 11-23,ABWI107130106603W400,4,-227975.16970654076,1442.293971048674
Mahihkan Battery 02-21,ABWI107122606504W400,2,-239708.59246775246,390.3172455897715
Mahihkan Battery 02-21,ABWI100152806604W400,3,-244429.2265448086,931.9077399029859
Mahihkan Battery 02-21,ABWI105070306604W400,3,-246028.25066002694,800.3987539713994
Nabiye 11-23,ABWI106042406603W400,2,-247044.0597561557,373.12079952035293
Mahihkan Battery 02-21,ABWI105061506504W400,2,-248284.47411255533,356.0775069723561
Mahihkan Battery 02-21,ABWI104091606504W400,2,-265938.9292694945,278.8276494301118
Mahihkan Battery 02-21,ABWI103112806504W400,2,-268358.3586095204,290.0532614991853
Mahihkan Battery 02-21,ABWI110102106504W400,2,-276396.443551315,305.3388404080671
Mahihkan Battery 02-21,ABWI109072106504W400,3,-279282.0136908768,849.5472279415012
Mahihkan Battery 02-21,ABWI105051506504W400,2,-286284.77892111614,276.13947553740326
Nabiye 11-23,ABWI100151206603W400,2,-292639.44649694656,213.9883193798501
Mahihkan Battery 02-21,ABWI108122606504W400,2,-317966.641950142,182.3423545910266
Mahihkan Battery 02-21,ABWI109061506504W400,3,-318363.0919883661,714.0647979920248
Mahihkan Battery 02-21,ABWI107051506504W400,2,-324921.8299021933,152.80082335093618
Mahihkan Battery 02-21,ABWI105062206504W400,2,-347041.51955532585,118.00404086622024
Mahihkan Battery 02-21,ABWI104152106504W400,2,-350703.86596992565,128.5484444570027
Mahihkan Battery 02-21,ABWI104073406504W400,2,-366628.4266168792,77.86010971666904
Mahihkan Battery 02-21,ABWI110112606504W400,2,-387247.267607311,23.194643140869445
Mahihkan Battery 02-21,ABWI103102706504W400,2,-391514.1899590683,17.34820566565203
