WellID,Battery,TotalCycles,TotalHighConfidenceCycles
ABWI100010306604W402,Mahihkan Battery 02-21,4,0
ABWI100010806604W400,Mahihkan Battery 02-21,6,2
ABWI100010906604W400,Mahihkan Battery 02-21,5,2
ABWI100011006504W400,Mahihkan Battery 02-21,0,0
ABWI100012106604W400,Mahihkan Battery 02-21,6,0
ABWI100012206504W400,Mahihkan Battery 02-21,2,2
ABWI100013406504W400,Mahihkan Battery 02-21,3,1
ABWI100020306604W400,Mahihkan Battery 02-21,7,1
ABWI100020906604W400,Mahihkan Battery 02-21,4,1
ABWI100021506504W400,Mahihkan Battery 02-21,3,1
ABWI100021506604W400,Mahihkan Battery 02-21,2,1
ABWI100022006604W400,Mahihkan Battery 02-21,5,2
ABWI100022206504W400,Mahihkan Battery 02-21,2,0
ABWI100022906604W400,Mahihkan Battery 02-21,4,1
ABWI100023206504W400,Mahihkan Battery 02-21,1,0
ABWI100023406504W400,Mahihkan Battery 02-21,4,1
ABWI100023506504W400,Mahihkan Battery 02-21,4,2
ABWI100031506504W400,Mahihkan Battery 02-21,6,2
ABWI100032206504W400,Mahihkan Battery 02-21,5,1
ABWI100032306504W400,Mahihkan Battery 02-21,5,0
ABWI100032806504W400,Mahihkan Battery 02-21,5,1
ABWI100032806604W400,Mahihkan Battery 02-21,5,3
ABWI100033206604W400,Mahihkan Battery 02-21,5,1
ABWI100033406504W400,Mahihkan Battery 02-21,1,0
ABWI100033406604W400,Mahihkan Battery 02-21,6,2
ABWI100033506504W400,Mahihkan Battery 02-21,3,0
ABWI100040306604W400,Mahihkan Battery 02-21,4,2
ABWI100040906604W400,Mahihkan Battery 02-21,5,2
ABWI100041006604W400,Mahihkan Battery 02-21,4,2
ABWI100041106504W400,Mahihkan Battery 02-21,0,0
ABWI100041506604W400,Mahihkan Battery 02-21,0,0
ABWI100041606604W400,Mahihkan Battery 02-21,5,0
ABWI100042206504W400,Mahihkan Battery 02-21,4,2
ABWI100042306504W400,Mahihkan Battery 02-21,1,0
ABWI100042506504W400,Mahihkan Battery 02-21,0,0
ABWI100042806504W400,Mahihkan Battery 02-21,5,2
ABWI100043406504W400,Mahihkan Battery 02-21,4,1
ABWI100043506504W400,Mahihkan Battery 02-21,4,2
ABWI100050306604W400,Mahihkan Battery 02-21,3,1
ABWI100050406604W400,Mahihkan Battery 02-21,6,3
ABWI100050906604W400,Mahihkan Battery 02-21,4,2
ABWI100051006604W400,Mahihkan Battery 02-21,4,2
ABWI100051106504W400,Mahihkan Battery 02-21,0,0
ABWI100051506604W400,Mahihkan Battery 02-21,5,0
ABWI100052206504W400,Mahihkan Battery 02-21,6,2
ABWI100052606504W400,Mahihkan Battery 02-21,5,2
ABWI100052706504W400,Mahihkan Battery 02-21,3,1
ABWI100052806504W400,Mahihkan Battery 02-21,3,1
ABWI100052806604W400,Mahihkan Battery 02-21,3,2
ABWI100053306604W400,Mahihkan Battery 02-21,6,3
ABWI100053506504W400,Mahihkan Battery 02-21,2,0
ABWI100060306604W400,Mahihkan Battery 02-21,6,2
ABWI100061006604W400,Mahihkan Battery 02-21,3,2
ABWI100062106604W400,Mahihkan Battery 02-21,6,2
ABWI100062206504W400,Mahihkan Battery 02-21,5,1
ABWI100062606504W400,Mahihkan Battery 02-21,3,0
ABWI100062706504W400,Mahihkan Battery 02-21,7,0
ABWI100062706604W400,Mahihkan Battery 02-21,6,1
ABWI100062806504W400,Mahihkan Battery 02-21,4,1
ABWI100062806604W400,Mahihkan Battery 02-21,1,0
ABWI100062906604W400,Mahihkan Battery 02-21,5,2
ABWI100063206604W400,Mahihkan Battery 02-21,5,2
ABWI100063406504W400,Mahihkan Battery 02-21,4,0
ABWI100063506504W400,Mahihkan Battery 02-21,3,1
ABWI100070306604W400,Mahihkan Battery 02-21,5,2
ABWI100070906604W400,Mahihkan Battery 02-21,6,2
ABWI100071006504W400,Mahihkan Battery 02-21,0,0
ABWI100071006604W400,Mahihkan Battery 02-21,3,0
ABWI100071106504W400,Mahihkan Battery 02-21,0,0
ABWI100071506504W400,Mahihkan Battery 02-21,5,2
ABWI100071506604W400,Mahihkan Battery 02-21,4,1
ABWI100071606604W400,Mahihkan Battery 02-21,3,0
ABWI100072106504W400,Mahihkan Battery 02-21,4,1
ABWI100072106604W400,Mahihkan Battery 02-21,5,2
ABWI100072206504W400,Mahihkan Battery 02-21,2,1
ABWI100072806604W400,Mahihkan Battery 02-21,3,1
ABWI100072906504W400,Mahihkan Battery 02-21,4,0
ABWI100072906604W400,Mahihkan Battery 02-21,4,1
ABWI100073306604W400,Mahihkan Battery 02-21,7,3
ABWI100073406504W400,Mahihkan Battery 02-21,2,0
ABWI100073506504W400,Mahihkan Battery 02-21,4,1
ABWI100080306604W400,Mahihkan Battery 02-21,6,2
ABWI100081006504W400,Mahihkan Battery 02-21,0,0
ABWI100081106504W400,Mahihkan Battery 02-21,0,0
ABWI100081606504W400,Mahihkan Battery 02-21,9,0
ABWI100081606604W400,Mahihkan Battery 02-21,4,1
ABWI100082606504W400,Mahihkan Battery 02-21,0,0
ABWI100082806504W400,Mahihkan Battery 02-21,5,1
ABWI100083406504W400,Mahihkan Battery 02-21,3,1
ABWI100090306604W400,Mahihkan Battery 02-21,1,0
ABWI100090406604W400,Mahihkan Battery 02-21,2,1
ABWI100090506604W400,Mahihkan Battery 02-21,5,1
ABWI100090806604W400,Mahihkan Battery 02-21,6,2
ABWI100090906604W400,Mahihkan Battery 02-21,6,2
ABWI100091006504W400,Mahihkan Battery 02-21,0,0
ABWI100091606504W400,Mahihkan Battery 02-21,2,0
ABWI100091606604W400,Mahihkan Battery 02-21,3,1
ABWI100092206504W400,Mahihkan Battery 02-21,7,2
ABWI100092706504W400,Mahihkan Battery 02-21,3,1
ABWI100092806504W400,Mahihkan Battery 02-21,5,2
ABWI100093306504W400,Mahihkan Battery 02-21,5,2
ABWI100093406504W400,Mahihkan Battery 02-21,4,0
ABWI100100406604W400,Mahihkan Battery 02-21,4,1
ABWI100100906604W400,Mahihkan Battery 02-21,6,1
ABWI100101006504W400,Mahihkan Battery 02-21,0,0
ABWI100101106504W400,Mahihkan Battery 02-21,0,0
ABWI100101506504W400,Mahihkan Battery 02-21,3,0
ABWI100101606504W400,Mahihkan Battery 02-21,4,1
ABWI100101606604W400,Mahihkan Battery 02-21,2,0
ABWI100102006604W400,Mahihkan Battery 02-21,3,1
ABWI100102106604W400,Mahihkan Battery 02-21,2,2
ABWI100102206504W400,Mahihkan Battery 02-21,3,0
ABWI100102706504W400,Mahihkan Battery 02-21,4,1
ABWI100102806504W400,Mahihkan Battery 02-21,5,1
ABWI100102806604W400,Mahihkan Battery 02-21,6,2
ABWI100102906504W400,Mahihkan Battery 02-21,1,1
ABWI100103406504W400,Mahihkan Battery 02-21,7,0
ABWI100110306604W400,Mahihkan Battery 02-21,3,0
ABWI100110406604W400,Mahihkan Battery 02-21,5,0
ABWI100111006604W400,Mahihkan Battery 02-21,4,2
ABWI100111506504W400,Mahihkan Battery 02-21,5,0
ABWI100111506604W400,Mahihkan Battery 02-21,2,2
ABWI100112106504W400,Mahihkan Battery 02-21,5,1
ABWI100112706504W400,Mahihkan Battery 02-21,2,1
ABWI100112706604W400,Mahihkan Battery 02-21,4,2
ABWI100112806604W400,Mahihkan Battery 02-21,4,1
ABWI100112906604W400,Mahihkan Battery 02-21,6,3
ABWI100113406504W400,Mahihkan Battery 02-21,5,0
ABWI100113506504W400,Mahihkan Battery 02-21,3,2
ABWI100120206504W400,Mahihkan Battery 02-21,0,0
ABWI100120406604W400,Mahihkan Battery 02-21,5,3
ABWI100120906604W400,Mahihkan Battery 02-21,5,3
ABWI100121006604W400,Mahihkan Battery 02-21,4,2
ABWI100121106504W400,Mahihkan Battery 02-21,0,0
ABWI100121206504W400,Mahihkan Battery 02-21,0,0
ABWI100121506504W400,Mahihkan Battery 02-21,3,2
ABWI100121506604W400,Mahihkan Battery 02-21,3,2
ABWI100121606604W400,Mahihkan Battery 02-21,3,0
ABWI100122206504W400,Mahihkan Battery 02-21,4,1
ABWI100122706504W400,Mahihkan Battery 02-21,4,0
ABWI100122806504W400,Mahihkan Battery 02-21,2,2
ABWI100122806604W400,Mahihkan Battery 02-21,6,2
ABWI100123406504W400,Mahihkan Battery 02-21,3,2
ABWI100123506504W400,Mahihkan Battery 02-21,2,0
ABWI100130306604W400,Mahihkan Battery 02-21,4,2
ABWI100130406604W400,Mahihkan Battery 02-21,3,2
ABWI100130906604W400,Mahihkan Battery 02-21,4,2
ABWI100131006504W400,Mahihkan Battery 02-21,2,0
ABWI100131006604W400,Mahihkan Battery 02-21,7,0
ABWI100131506504W400,Mahihkan Battery 02-21,6,2
ABWI100132206504W400,Mahihkan Battery 02-21,5,2
ABWI100132606504W400,Mahihkan Battery 02-21,8,1
ABWI100132806604W400,Mahihkan Battery 02-21,3,1
ABWI100133406504W400,Mahihkan Battery 02-21,2,1
ABWI100133506504W400,Mahihkan Battery 02-21,7,3
ABWI100140206504W400,Mahihkan Battery 02-21,0,0
ABWI100141006504W400,Mahihkan Battery 02-21,5,0
ABWI100141506504W400,Mahihkan Battery 02-21,5,0
ABWI100141606604W400,Mahihkan Battery 02-21,5,1
ABWI100142106504W400,Mahihkan Battery 02-21,4,0
ABWI100142106604W400,Mahihkan Battery 02-21,6,2
ABWI100142206604W400,Mahihkan Battery 02-21,4,1
ABWI100142606504W400,Mahihkan Battery 02-21,5,1
ABWI100142706504W400,Mahihkan Battery 02-21,6,1
ABWI100142706604W400,Mahihkan Battery 02-21,5,0
ABWI100142806604W400,Mahihkan Battery 02-21,3,0
ABWI100142906504W400,Mahihkan Battery 02-21,4,3
ABWI100142906604W400,Mahihkan Battery 02-21,4,0
ABWI100143406504W400,Mahihkan Battery 02-21,4,0
ABWI100150406604W400,Mahihkan Battery 02-21,4,0
ABWI100151006504W400,Mahihkan Battery 02-21,4,0
ABWI100151506504W400,Mahihkan Battery 02-21,6,2
ABWI100151506604W400,Mahihkan Battery 02-21,5,3
ABWI100151606504W400,Mahihkan Battery 02-21,7,0
ABWI100152006604W400,Mahihkan Battery 02-21,4,1
ABWI100152106504W400,Mahihkan Battery 02-21,7,1
ABWI100152106604W400,Mahihkan Battery 02-21,5,2
ABWI100152706504W400,Mahihkan Battery 02-21,2,1
ABWI100152806504W400,Mahihkan Battery 02-21,5,2
ABWI100152806604W400,Mahihkan Battery 02-21,7,3
ABWI100153306504W400,Mahihkan Battery 02-21,6,0
ABWI100160306504W400,Mahihkan Battery 02-21,0,0
ABWI100160306604W400,Mahihkan Battery 02-21,2,1
ABWI100160406604W400,Mahihkan Battery 02-21,3,1
ABWI100161006504W402,Mahihkan Battery 02-21,3,1
ABWI100161006604W400,Mahihkan Battery 02-21,5,2
ABWI100161106504W400,Mahihkan Battery 02-21,0,0
ABWI100161506504W400,Mahihkan Battery 02-21,6,0
ABWI100161606504W400,Mahihkan Battery 02-21,4,2
ABWI100161606604W400,Mahihkan Battery 02-21,5,3
ABWI100162706504W400,Mahihkan Battery 02-21,4,2
ABWI100162806504W400,Mahihkan Battery 02-21,3,1
ABWI100162906504W400,Mahihkan Battery 02-21,3,1
ABWI100163306504W400,Mahihkan Battery 02-21,4,2
ABWI100163406504W400,Mahihkan Battery 02-21,1,0
ABWI102010806604W400,Mahihkan Battery 02-21,6,3
ABWI102011006504W400,Mahihkan Battery 02-21,0,0
ABWI102011506604W402,Mahihkan Battery 02-21,4,2
ABWI102011606604W400,Mahihkan Battery 02-21,2,1
ABWI102012106504W400,Mahihkan Battery 02-21,4,2
ABWI102012106604W400,Mahihkan Battery 02-21,3,0
ABWI102012206504W400,Mahihkan Battery 02-21,2,1
ABWI102012906504W400,Mahihkan Battery 02-21,3,1
ABWI102013306504W403,Mahihkan Battery 02-21,3,1
ABWI102020306604W400,Mahihkan Battery 02-21,6,1
ABWI102020906604W400,Mahihkan Battery 02-21,4,0
ABWI102021506504W400,Mahihkan Battery 02-21,2,1
ABWI102021606604W400,Mahihkan Battery 02-21,4,0
ABWI102022006604W400,Mahihkan Battery 02-21,5,1
ABWI102022106504W400,Mahihkan Battery 02-21,0,0
ABWI102022206604W400,Mahihkan Battery 02-21,4,1
ABWI102022906604W400,Mahihkan Battery 02-21,3,1
ABWI102023406504W400,Mahihkan Battery 02-21,4,1
ABWI102023506504W400,Mahihkan Battery 02-21,4,2
ABWI102031006604W400,Mahihkan Battery 02-21,2,0
ABWI102031506504W400,Mahihkan Battery 02-21,2,0
ABWI102032106604W400,Mahihkan Battery 02-21,5,2
ABWI102032206504W400,Mahihkan Battery 02-21,5,1
ABWI102032306504W400,Mahihkan Battery 02-21,4,1
ABWI102032706604W400,Mahihkan Battery 02-21,6,0
ABWI102032806504W400,Mahihkan Battery 02-21,4,1
ABWI102032806604W400,Mahihkan Battery 02-21,4,0
ABWI102033406504W400,Mahihkan Battery 02-21,3,1
ABWI102033406604W400,Mahihkan Battery 02-21,4,2
ABWI102040306604W400,Mahihkan Battery 02-21,5,1
ABWI102041006604W400,Mahihkan Battery 02-21,5,2
ABWI102041106504W400,Mahihkan Battery 02-21,0,0
ABWI102041506604W400,Mahihkan Battery 02-21,8,1
ABWI102041606604W400,Mahihkan Battery 02-21,3,1
ABWI102042206504W400,Mahihkan Battery 02-21,2,0
ABWI102042306504W400,Mahihkan Battery 02-21,5,1
ABWI102042806504W400,Mahihkan Battery 02-21,3,0
ABWI102043306604W400,Mahihkan Battery 02-21,6,2
ABWI102043506504W400,Mahihkan Battery 02-21,6,2
ABWI102050306604W400,Mahihkan Battery 02-21,2,0
ABWI102050406604W400,Mahihkan Battery 02-21,6,4
ABWI102050906604W400,Mahihkan Battery 02-21,5,2
ABWI102051106504W400,Mahihkan Battery 02-21,0,0
ABWI102051606604W400,Mahihkan Battery 02-21,3,2
ABWI102052206504W402,Mahihkan Battery 02-21,3,2
ABWI102052306504W400,Mahihkan Battery 02-21,7,1
ABWI102052606504W400,Mahihkan Battery 02-21,3,1
ABWI102052706504W400,Mahihkan Battery 02-21,6,1
ABWI102052806504W400,Mahihkan Battery 02-21,2,1
ABWI102053306604W400,Mahihkan Battery 02-21,4,2
ABWI102053406504W400,Mahihkan Battery 02-21,6,0
ABWI102053506504W400,Mahihkan Battery 02-21,3,0
ABWI102060306604W400,Mahihkan Battery 02-21,2,0
ABWI102060906604W400,Mahihkan Battery 02-21,2,1
ABWI102061106504W400,Mahihkan Battery 02-21,0,0
ABWI102061506504W400,Mahihkan Battery 02-21,5,2
ABWI102062106604W400,Mahihkan Battery 02-21,2,1
ABWI102062206504W400,Mahihkan Battery 02-21,4,1
ABWI102062706504W400,Mahihkan Battery 02-21,6,4
ABWI102062706604W400,Mahihkan Battery 02-21,7,3
ABWI102062806504W400,Mahihkan Battery 02-21,3,1
ABWI102062806604W400,Mahihkan Battery 02-21,5,0
ABWI102063206604W400,Mahihkan Battery 02-21,4,2
ABWI102063306604W400,Mahihkan Battery 02-21,4,1
ABWI102063406504W400,Mahihkan Battery 02-21,3,0
ABWI102063506504W400,Mahihkan Battery 02-21,5,4
ABWI102070906604W400,Mahihkan Battery 02-21,6,2
ABWI102071006504W400,Mahihkan Battery 02-21,0,0
ABWI102071006604W400,Mahihkan Battery 02-21,2,1
ABWI102071506504W400,Mahihkan Battery 02-21,6,2
ABWI102072106504W400,Mahihkan Battery 02-21,5,2
ABWI102072106604W400,Mahihkan Battery 02-21,6,1
ABWI102072206504W400,Mahihkan Battery 02-21,2,0
ABWI102072206604W400,Mahihkan Battery 02-21,4,0
ABWI102072306504W400,Mahihkan Battery 02-21,5,0
ABWI102072706504W400,Mahihkan Battery 02-21,5,2
ABWI102072806504W400,Mahihkan Battery 02-21,5,1
ABWI102072806604W400,Mahihkan Battery 02-21,4,0
ABWI102072906504W400,Mahihkan Battery 02-21,3,0
ABWI102073406504W400,Mahihkan Battery 02-21,3,2
ABWI102080306604W400,Mahihkan Battery 02-21,3,0
ABWI102080406604W400,Mahihkan Battery 02-21,4,1
ABWI102080506604W400,Mahihkan Battery 02-21,5,3
ABWI102080806604W400,Mahihkan Battery 02-21,2,1
ABWI102081006504W400,Mahihkan Battery 02-21,0,0
ABWI102081106504W400,Mahihkan Battery 02-21,0,0
ABWI102082206504W400,Mahihkan Battery 02-21,4,1
ABWI102082806504W400,Mahihkan Battery 02-21,2,2
ABWI102082906504W400,Mahihkan Battery 02-21,2,1
ABWI102083406504W400,Mahihkan Battery 02-21,1,0
ABWI102090406604W400,Mahihkan Battery 02-21,3,1
ABWI102091006504W400,Mahihkan Battery 02-21,0,0
ABWI102091006604W400,Mahihkan Battery 02-21,2,1
ABWI102092106504W400,Mahihkan Battery 02-21,5,1
ABWI102092806504W400,Mahihkan Battery 02-21,6,2
ABWI102092906504W400,Mahihkan Battery 02-21,3,1
ABWI102093306504W400,Mahihkan Battery 02-21,3,1
ABWI102093406504W400,Mahihkan Battery 02-21,3,1
ABWI102100406604W400,Mahihkan Battery 02-21,2,1
ABWI102100906604W400,Mahihkan Battery 02-21,4,3
ABWI102101006504W400,Mahihkan Battery 02-21,4,1
ABWI102101106504W400,Mahihkan Battery 02-21,0,0
ABWI102101506504W400,Mahihkan Battery 02-21,8,2
ABWI102101506604W400,Mahihkan Battery 02-21,3,2
ABWI102101606604W400,Mahihkan Battery 02-21,3,2
ABWI102102106604W400,Mahihkan Battery 02-21,4,2
ABWI102102206604W400,Mahihkan Battery 02-21,4,1
ABWI102102606504W400,Mahihkan Battery 02-21,4,2
ABWI102102706504W400,Mahihkan Battery 02-21,5,1
ABWI102102806504W400,Mahihkan Battery 02-21,6,0
ABWI102102906504W400,Mahihkan Battery 02-21,1,1
ABWI102103406504W400,Mahihkan Battery 02-21,9,0
ABWI102110306604W400,Mahihkan Battery 02-21,2,0
ABWI102110906604W400,Mahihkan Battery 02-21,5,2
ABWI102111006604W400,Mahihkan Battery 02-21,3,1
ABWI102111106504W400,Mahihkan Battery 02-21,0,0
ABWI102111506504W400,Mahihkan Battery 02-21,5,1
ABWI102112106604W400,Mahihkan Battery 02-21,5,1
ABWI102112806504W400,Mahihkan Battery 02-21,1,1
ABWI102112806604W400,Mahihkan Battery 02-21,3,1
ABWI102112906504W400,Mahihkan Battery 02-21,1,1
ABWI102112906604W400,Mahihkan Battery 02-21,5,2
ABWI102113406504W400,Mahihkan Battery 02-21,6,2
ABWI102120206504W400,Mahihkan Battery 02-21,0,0
ABWI102120306604W400,Mahihkan Battery 02-21,2,0
ABWI102120906604W400,Mahihkan Battery 02-21,4,1
ABWI102121006604W400,Mahihkan Battery 02-21,5,3
ABWI102121106504W400,Mahihkan Battery 02-21,0,0
ABWI102121206504W400,Mahihkan Battery 02-21,0,0
ABWI102121506504W400,Mahihkan Battery 02-21,4,0
ABWI102121506604W400,Mahihkan Battery 02-21,3,1
ABWI102121606604W400,Mahihkan Battery 02-21,4,2
ABWI102122206504W400,Mahihkan Battery 02-21,5,2
ABWI102122706504W400,Mahihkan Battery 02-21,3,1
ABWI102122806504W400,Mahihkan Battery 02-21,4,0
ABWI102122806604W400,Mahihkan Battery 02-21,1,0
ABWI102123406504W400,Mahihkan Battery 02-21,5,2
ABWI102123506504W400,Mahihkan Battery 02-21,3,2
ABWI102130206504W400,Mahihkan Battery 02-21,0,0
ABWI102130306604W400,Mahihkan Battery 02-21,4,2
ABWI102131406504W400,Mahihkan Battery 02-21,3,0
ABWI102131506504W400,Mahihkan Battery 02-21,1,1
ABWI102132606504W400,Mahihkan Battery 02-21,3,1
ABWI102132806504W400,Mahihkan Battery 02-21,3,0
ABWI102132806604W400,Mahihkan Battery 02-21,2,2
ABWI102133406504W400,Mahihkan Battery 02-21,5,2
ABWI102133506504W400,Mahihkan Battery 02-21,2,2
ABWI102140206504W400,Mahihkan Battery 02-21,0,0
ABWI102140306604W400,Mahihkan Battery 02-21,4,1
ABWI102141006504W400,Mahihkan Battery 02-21,3,0
ABWI102141506504W400,Mahihkan Battery 02-21,5,1
ABWI102141606604W400,Mahihkan Battery 02-21,7,1
ABWI102142106604W400,Mahihkan Battery 02-21,4,1
ABWI102142606504W400,Mahihkan Battery 02-21,5,1
ABWI102142706604W400,Mahihkan Battery 02-21,6,1
ABWI102142806604W400,Mahihkan Battery 02-21,5,2
ABWI102142906504W400,Mahihkan Battery 02-21,5,2
ABWI102142906604W400,Mahihkan Battery 02-21,5,3
ABWI102143406504W400,Mahihkan Battery 02-21,2,0
ABWI102150406604W400,Mahihkan Battery 02-21,6,3
ABWI102150906604W400,Mahihkan Battery 02-21,8,1
ABWI102151406504W400,Mahihkan Battery 02-21,5,1
ABWI102151506504W400,Mahihkan Battery 02-21,5,1
ABWI102151506604W400,Mahihkan Battery 02-21,4,1
ABWI102151606604W400,Mahihkan Battery 02-21,5,1
ABWI102152006604W400,Mahihkan Battery 02-21,6,1
ABWI102152106604W400,Mahihkan Battery 02-21,5,3
ABWI102152706504W400,Mahihkan Battery 02-21,6,0
ABWI102152806504W400,Mahihkan Battery 02-21,5,1
ABWI102152906504W400,Mahihkan Battery 02-21,2,1
ABWI102153406504W400,Mahihkan Battery 02-21,2,0
ABWI102160406604W400,Mahihkan Battery 02-21,4,2
ABWI102160506604W400,Mahihkan Battery 02-21,6,1
ABWI102160906604W400,Mahihkan Battery 02-21,3,1
ABWI102161006504W402,Mahihkan Battery 02-21,2,1
ABWI102161006604W400,Mahihkan Battery 02-21,5,3
ABWI102161506504W400,Mahihkan Battery 02-21,7,1
ABWI102161606504W400,Mahihkan Battery 02-21,2,1
ABWI102162906504W400,Mahihkan Battery 02-21,3,2
ABWI102163306504W400,Mahihkan Battery 02-21,5,0
ABWI103010306604W400,Mahihkan Battery 02-21,5,2
ABWI103010406604W400,Mahihkan Battery 02-21,4,1
ABWI103010806604W400,Mahihkan Battery 02-21,3,1
ABWI103011006504W400,Mahihkan Battery 02-21,0,0
ABWI103011506504W400,Mahihkan Battery 02-21,7,1
ABWI103011606604W400,Mahihkan Battery 02-21,3,1
ABWI103012106504W400,Mahihkan Battery 02-21,3,2
ABWI103012206504W400,Mahihkan Battery 02-21,2,1
ABWI103013306504W400,Mahihkan Battery 02-21,5,0
ABWI103013406504W400,Mahihkan Battery 02-21,3,0
ABWI103020306604W400,Mahihkan Battery 02-21,2,1
ABWI103020906604W400,Mahihkan Battery 02-21,5,2
ABWI103021506504W400,Mahihkan Battery 02-21,4,0
ABWI103022106504W400,Mahihkan Battery 02-21,0,0
ABWI103022206504W400,Mahihkan Battery 02-21,1,0
ABWI103022206604W400,Mahihkan Battery 02-21,3,1
ABWI103023406504W400,Mahihkan Battery 02-21,2,0
ABWI103023506504W400,Mahihkan Battery 02-21,6,1
ABWI103031006604W400,Mahihkan Battery 02-21,4,0
ABWI103031106504W400,Mahihkan Battery 02-21,0,0
ABWI103031506504W400,Mahihkan Battery 02-21,6,3
ABWI103032206504W400,Mahihkan Battery 02-21,2,1
ABWI103032306504W400,Mahihkan Battery 02-21,6,1
ABWI103032706604W400,Mahihkan Battery 02-21,4,2
ABWI103032806504W400,Mahihkan Battery 02-21,4,1
ABWI103033406504W400,Mahihkan Battery 02-21,3,0
ABWI103033506504W400,Mahihkan Battery 02-21,3,2
ABWI103040306604W400,Mahihkan Battery 02-21,3,1
ABWI103041006604W400,Mahihkan Battery 02-21,5,1
ABWI103041106504W400,Mahihkan Battery 02-21,0,0
ABWI103042206504W400,Mahihkan Battery 02-21,3,1
ABWI103042306504W400,Mahihkan Battery 02-21,5,1
ABWI103042706504W400,Mahihkan Battery 02-21,4,2
ABWI103042806504W400,Mahihkan Battery 02-21,3,1
ABWI103043306504W400,Mahihkan Battery 02-21,4,0
ABWI103043406504W400,Mahihkan Battery 02-21,5,1
ABWI103043506504W400,Mahihkan Battery 02-21,3,1
ABWI103050206504W400,Mahihkan Battery 02-21,0,0
ABWI103050306604W400,Mahihkan Battery 02-21,3,1
ABWI103051006604W400,Mahihkan Battery 02-21,6,1
ABWI103051106504W400,Mahihkan Battery 02-21,0,0
ABWI103052206504W400,Mahihkan Battery 02-21,7,2
ABWI103052306504W400,Mahihkan Battery 02-21,5,1
ABWI103052606504W400,Mahihkan Battery 02-21,4,2
ABWI103052806504W400,Mahihkan Battery 02-21,6,3
ABWI103053406504W400,Mahihkan Battery 02-21,3,2
ABWI103053506504W400,Mahihkan Battery 02-21,1,0
ABWI103060306604W400,Mahihkan Battery 02-21,4,2
ABWI103060906604W400,Mahihkan Battery 02-21,5,1
ABWI103061106504W400,Mahihkan Battery 02-21,0,0
ABWI103061506504W400,Mahihkan Battery 02-21,7,0
ABWI103062106504W400,Mahihkan Battery 02-21,1,1
ABWI103062106604W400,Mahihkan Battery 02-21,7,2
ABWI103062206504W400,Mahihkan Battery 02-21,5,2
ABWI103062606504W400,Mahihkan Battery 02-21,4,1
ABWI103062806504W400,Mahihkan Battery 02-21,4,2
ABWI103062806604W400,Mahihkan Battery 02-21,5,2
ABWI103063406504W400,Mahihkan Battery 02-21,2,2
ABWI103063506504W400,Mahihkan Battery 02-21,3,1
ABWI103071006504W400,Mahihkan Battery 02-21,0,0
ABWI103071006604W400,Mahihkan Battery 02-21,2,1
ABWI103071506504W400,Mahihkan Battery 02-21,2,0
ABWI103072006604W400,Mahihkan Battery 02-21,4,0
ABWI103072106504W400,Mahihkan Battery 02-21,4,1
ABWI103072106604W400,Mahihkan Battery 02-21,7,2
ABWI103072206504W400,Mahihkan Battery 02-21,3,1
ABWI103072806504W400,Mahihkan Battery 02-21,2,1
ABWI103072806604W400,Mahihkan Battery 02-21,5,0
ABWI103072906504W400,Mahihkan Battery 02-21,6,2
ABWI103073406504W400,Mahihkan Battery 02-21,2,1
ABWI103080406604W400,Mahihkan Battery 02-21,4,1
ABWI103080506604W400,Mahihkan Battery 02-21,6,3
ABWI103081006504W400,Mahihkan Battery 02-21,0,0
ABWI103081606604W400,Mahihkan Battery 02-21,2,1
ABWI103082806504W400,Mahihkan Battery 02-21,6,0
ABWI103082906504W400,Mahihkan Battery 02-21,3,1
ABWI103083406504W400,Mahihkan Battery 02-21,3,1
ABWI103090406604W400,Mahihkan Battery 02-21,5,2
ABWI103090506604W400,Mahihkan Battery 02-21,6,2
ABWI103091006504W400,Mahihkan Battery 02-21,5,2
ABWI103091106504W400,Mahihkan Battery 02-21,0,0
ABWI103091506504W400,Mahihkan Battery 02-21,8,2
ABWI103091606504W400,Mahihkan Battery 02-21,5,2
ABWI103091606604W400,Mahihkan Battery 02-21,1,0
ABWI103092806504W400,Mahihkan Battery 02-21,7,1
ABWI103092906504W400,Mahihkan Battery 02-21,5,1
ABWI103093406504W400,Mahihkan Battery 02-21,5,2
ABWI103101006504W400,Mahihkan Battery 02-21,5,1
ABWI103101106504W400,Mahihkan Battery 02-21,0,0
ABWI103102206504W400,Mahihkan Battery 02-21,8,1
ABWI103102706504W400,Mahihkan Battery 02-21,4,1
ABWI103102806504W400,Mahihkan Battery 02-21,3,1
ABWI103103406504W400,Mahihkan Battery 02-21,3,1
ABWI103110306604W400,Mahihkan Battery 02-21,6,0
ABWI103110906604W400,Mahihkan Battery 02-21,6,3
ABWI103111006504W400,Mahihkan Battery 02-21,5,0
ABWI103111006604W400,Mahihkan Battery 02-21,4,3
ABWI103111106504W400,Mahihkan Battery 02-21,0,0
ABWI103111506504W400,Mahihkan Battery 02-21,6,3
ABWI103112106604W400,Mahihkan Battery 02-21,5,2
ABWI103112206504W400,Mahihkan Battery 02-21,7,2
ABWI103112706504W400,Mahihkan Battery 02-21,2,0
ABWI103112806504W400,Mahihkan Battery 02-21,7,2
ABWI103113406504W400,Mahihkan Battery 02-21,2,0
ABWI103113506504W400,Mahihkan Battery 02-21,4,2
ABWI103120306604W400,Mahihkan Battery 02-21,3,1
ABWI103120406604W400,Mahihkan Battery 02-21,4,2
ABWI103121506504W400,Mahihkan Battery 02-21,6,3
ABWI103122206504W400,Mahihkan Battery 02-21,6,3
ABWI103122706504W400,Mahihkan Battery 02-21,5,3
ABWI103122806504W400,Mahihkan Battery 02-21,4,1
ABWI103123406504W400,Mahihkan Battery 02-21,2,0
ABWI103123506504W400,Mahihkan Battery 02-21,2,0
ABWI103130206504W400,Mahihkan Battery 02-21,0,0
ABWI103130306604W400,Mahihkan Battery 02-21,3,1
ABWI103130906604W400,Mahihkan Battery 02-21,4,2
ABWI103131006504W400,Mahihkan Battery 02-21,1,0
ABWI103131406504W400,Mahihkan Battery 02-21,6,1
ABWI103131506504W400,Mahihkan Battery 02-21,1,1
ABWI103132606504W400,Mahihkan Battery 02-21,3,1
ABWI103132806504W400,Mahihkan Battery 02-21,4,1
ABWI103133406504W400,Mahihkan Battery 02-21,3,2
ABWI103133506504W400,Mahihkan Battery 02-21,4,1
ABWI103140306604W400,Mahihkan Battery 02-21,3,1
ABWI103141006504W400,Mahihkan Battery 02-21,5,1
ABWI103141106504W400,Mahihkan Battery 02-21,0,0
ABWI103141406504W400,Mahihkan Battery 02-21,2,1
ABWI103141506504W400,Mahihkan Battery 02-21,5,3
ABWI103142106604W400,Mahihkan Battery 02-21,6,2
ABWI103142606504W400,Mahihkan Battery 02-21,3,1
ABWI103142806504W400,Mahihkan Battery 02-21,3,0
ABWI103142806604W400,Mahihkan Battery 02-21,5,0
ABWI103142906504W400,Mahihkan Battery 02-21,3,2
ABWI103151006504W400,Mahihkan Battery 02-21,6,3
ABWI103151406504W400,Mahihkan Battery 02-21,4,1
ABWI103151506504W400,Mahihkan Battery 02-21,5,1
ABWI103151706604W400,Mahihkan Battery 02-21,6,3
ABWI103152106504W400,Mahihkan Battery 02-21,1,0
ABWI103152106604W400,Mahihkan Battery 02-21,5,1
ABWI103152706504W400,Mahihkan Battery 02-21,4,2
ABWI103152906504W400,Mahihkan Battery 02-21,3,0
ABWI103153406504W400,Mahihkan Battery 02-21,1,0
ABWI103160506604W400,Mahihkan Battery 02-21,4,1
ABWI103160906604W400,Mahihkan Battery 02-21,5,2
ABWI103161006504W400,Mahihkan Battery 02-21,5,1
ABWI103161506504W400,Mahihkan Battery 02-21,5,2
ABWI103161606504W400,Mahihkan Battery 02-21,2,1
ABWI103162706504W400,Mahihkan Battery 02-21,4,1
ABWI103162906504W400,Mahihkan Battery 02-21,7,1
ABWI103163306504W400,Mahihkan Battery 02-21,4,2
ABWI103163406504W400,Mahihkan Battery 02-21,1,0
ABWI104010306604W400,Mahihkan Battery 02-21,5,2
ABWI104010406604W400,Mahihkan Battery 02-21,6,2
ABWI104011006504W400,Mahihkan Battery 02-21,0,0
ABWI104011506504W400,Mahihkan Battery 02-21,6,0
ABWI104012106504W400,Mahihkan Battery 02-21,5,1
ABWI104012206504W400,Mahihkan Battery 02-21,5,2
ABWI104013306504W400,Mahihkan Battery 02-21,4,1
ABWI104013406504W400,Mahihkan Battery 02-21,4,1
ABWI104020906604W400,Mahihkan Battery 02-21,4,1
ABWI104021506504W400,Mahihkan Battery 02-21,1,1
ABWI104022106604W400,Mahihkan Battery 02-21,6,3
ABWI104022206504W400,Mahihkan Battery 02-21,3,0
ABWI104022606504W400,Mahihkan Battery 02-21,0,0
ABWI104022706504W400,Mahihkan Battery 02-21,4,2
ABWI104022806504W400,Mahihkan Battery 02-21,4,2
ABWI104022806604W400,Mahihkan Battery 02-21,0,0
ABWI104023506504W400,Mahihkan Battery 02-21,6,0
ABWI104030306604W400,Mahihkan Battery 02-21,7,3
ABWI104030906604W400,Mahihkan Battery 02-21,7,2
ABWI104031006604W400,Mahihkan Battery 02-21,5,3
ABWI104031106504W400,Mahihkan Battery 02-21,0,0
ABWI104031506504W400,Mahihkan Battery 02-21,3,2
ABWI104032206504W400,Mahihkan Battery 02-21,4,0
ABWI104032306504W400,Mahihkan Battery 02-21,4,0
ABWI104032806604W400,Mahihkan Battery 02-21,1,1
ABWI104033306604W400,Mahihkan Battery 02-21,5,1
ABWI104033406504W400,Mahihkan Battery 02-21,2,0
ABWI104033506504W402,Mahihkan Battery 02-21,4,1
ABWI104040306604W400,Mahihkan Battery 02-21,3,2
ABWI104041106504W400,Mahihkan Battery 02-21,0,0
ABWI104041506504W400,Mahihkan Battery 02-21,0,0
ABWI104042206504W400,Mahihkan Battery 02-21,4,1
ABWI104042606504W400,Mahihkan Battery 02-21,2,1
ABWI104042706504W400,Mahihkan Battery 02-21,4,3
ABWI104042806504W400,Mahihkan Battery 02-21,5,1
ABWI104043306504W400,Mahihkan Battery 02-21,3,1
ABWI104043406504W400,Mahihkan Battery 02-21,3,1
ABWI104050206504W400,Mahihkan Battery 02-21,0,0
ABWI104051006604W400,Mahihkan Battery 02-21,6,3
ABWI104051506504W400,Mahihkan Battery 02-21,6,0
ABWI104052206504W400,Mahihkan Battery 02-21,4,2
ABWI104052306504W400,Mahihkan Battery 02-21,4,0
ABWI104052606504W400,Mahihkan Battery 02-21,5,1
ABWI104052806504W400,Mahihkan Battery 02-21,4,0
ABWI104053506504W400,Mahihkan Battery 02-21,1,0
ABWI104060306604W400,Mahihkan Battery 02-21,4,0
ABWI104061506504W400,Mahihkan Battery 02-21,6,1
ABWI104062206504W400,Mahihkan Battery 02-21,2,1
ABWI104062706504W400,Mahihkan Battery 02-21,5,1
ABWI104062806504W400,Mahihkan Battery 02-21,2,0
ABWI104063306604W400,Mahihkan Battery 02-21,4,1
ABWI104063406504W400,Mahihkan Battery 02-21,1,1
ABWI104063506504W400,Mahihkan Battery 02-21,5,3
ABWI104071006504W400,Mahihkan Battery 02-21,0,0
ABWI104071506504W400,Mahihkan Battery 02-21,5,1
ABWI104072106604W400,Mahihkan Battery 02-21,4,1
ABWI104072206504W400,Mahihkan Battery 02-21,5,3
ABWI104072206604W400,Mahihkan Battery 02-21,4,1
ABWI104072606504W400,Mahihkan Battery 02-21,6,1
ABWI104073406504W400,Mahihkan Battery 02-21,6,1
ABWI104073506504W400,Mahihkan Battery 02-21,4,1
ABWI104080406604W400,Mahihkan Battery 02-21,4,2
ABWI104080806604W400,Mahihkan Battery 02-21,5,2
ABWI104081006504W400,Mahihkan Battery 02-21,0,0
ABWI104082106504W400,Mahihkan Battery 02-21,2,1
ABWI104082206504W400,Mahihkan Battery 02-21,4,2
ABWI104082706504W400,Mahihkan Battery 02-21,6,4
ABWI104082806504W400,Mahihkan Battery 02-21,4,1
ABWI104082906504W400,Mahihkan Battery 02-21,2,0
ABWI104083406504W400,Mahihkan Battery 02-21,4,0
ABWI104090306504W400,Mahihkan Battery 02-21,0,0
ABWI104090306604W400,Mahihkan Battery 02-21,2,1
ABWI104090406604W400,Mahihkan Battery 02-21,6,1
ABWI104091006504W400,Mahihkan Battery 02-21,6,1
ABWI104091106504W400,Mahihkan Battery 02-21,0,0
ABWI104091506504W400,Mahihkan Battery 02-21,3,1
ABWI104091606504W400,Mahihkan Battery 02-21,6,2
ABWI104091606604W400,Mahihkan Battery 02-21,2,1
ABWI104092106504W400,Mahihkan Battery 02-21,7,2
ABWI104092206504W400,Mahihkan Battery 02-21,0,0
ABWI104092706504W400,Mahihkan Battery 02-21,2,0
ABWI104092806504W400,Mahihkan Battery 02-21,5,0
ABWI104093406504W400,Mahihkan Battery 02-21,4,0
ABWI104101106504W400,Mahihkan Battery 02-21,0,0
ABWI104101506504W400,Mahihkan Battery 02-21,3,2
ABWI104102206504W400,Mahihkan Battery 02-21,3,0
ABWI104102206604W400,Mahihkan Battery 02-21,6,2
ABWI104102706504W400,Mahihkan Battery 02-21,3,2
ABWI104102806504W400,Mahihkan Battery 02-21,7,1
ABWI104102906504W400,Mahihkan Battery 02-21,0,0
ABWI104103406504W400,Mahihkan Battery 02-21,5,0
ABWI104110206504W400,Mahihkan Battery 02-21,0,0
ABWI104111506504W400,Mahihkan Battery 02-21,3,1
ABWI104112206504W400,Mahihkan Battery 02-21,6,2
ABWI104112706504W400,Mahihkan Battery 02-21,4,2
ABWI104112806504W400,Mahihkan Battery 02-21,4,2
ABWI104112806604W400,Mahihkan Battery 02-21,6,2
ABWI104113506504W400,Mahihkan Battery 02-21,2,1
ABWI104120206504W400,Mahihkan Battery 02-21,0,0
ABWI104120306604W400,Mahihkan Battery 02-21,4,2
ABWI104120406604W400,Mahihkan Battery 02-21,3,1
ABWI104121006604W400,Mahihkan Battery 02-21,4,2
ABWI104121106504W400,Mahihkan Battery 02-21,0,0
ABWI104121506504W400,Mahihkan Battery 02-21,6,2
ABWI104122206504W400,Mahihkan Battery 02-21,3,1
ABWI104122606504W400,Mahihkan Battery 02-21,5,2
ABWI104122706504W400,Mahihkan Battery 02-21,4,1
ABWI104122806504W400,Mahihkan Battery 02-21,4,0
ABWI104123406504W400,Mahihkan Battery 02-21,3,0
ABWI104130206504W400,Mahihkan Battery 02-21,0,0
ABWI104130306604W400,Mahihkan Battery 02-21,3,0
ABWI104131406504W400,Mahihkan Battery 02-21,3,1
ABWI104131506504W400,Mahihkan Battery 02-21,2,1
ABWI104132606504W400,Mahihkan Battery 02-21,3,1
ABWI104132806504W400,Mahihkan Battery 02-21,4,1
ABWI104133506504W400,Mahihkan Battery 02-21,3,1
ABWI104140306604W400,Mahihkan Battery 02-21,5,0
ABWI104141006504W400,Mahihkan Battery 02-21,2,0
ABWI104141406504W400,Mahihkan Battery 02-21,2,1
ABWI104141506504W400,Mahihkan Battery 02-21,4,1
ABWI104142106504W400,Mahihkan Battery 02-21,4,2
ABWI104142106604W400,Mahihkan Battery 02-21,5,2
ABWI104142206504W400,Mahihkan Battery 02-21,1,1
ABWI104142606504W400,Mahihkan Battery 02-21,1,0
ABWI104142706504W400,Mahihkan Battery 02-21,5,0
ABWI104142806504W400,Mahihkan Battery 02-21,2,0
ABWI104142806604W400,Mahihkan Battery 02-21,5,1
ABWI104151006504W400,Mahihkan Battery 02-21,6,2
ABWI104151406504W400,Mahihkan Battery 02-21,4,4
ABWI104151506504W400,Mahihkan Battery 02-21,4,2
ABWI104151606504W400,Mahihkan Battery 02-21,7,1
ABWI104151706604W400,Mahihkan Battery 02-21,4,1
ABWI104152106504W400,Mahihkan Battery 02-21,7,2
ABWI104152706504W400,Mahihkan Battery 02-21,4,1
ABWI104152906504W400,Mahihkan Battery 02-21,4,2
ABWI104160506604W400,Mahihkan Battery 02-21,5,3
ABWI104160906604W400,Mahihkan Battery 02-21,4,1
ABWI104161006504W400,Mahihkan Battery 02-21,3,0
ABWI104161506504W400,Mahihkan Battery 02-21,3,1
ABWI104161606504W400,Mahihkan Battery 02-21,4,2
ABWI104162706504W400,Mahihkan Battery 02-21,3,0
ABWI104162906504W400,Mahihkan Battery 02-21,3,0
ABWI104163306504W400,Mahihkan Battery 02-21,4,2
ABWI104163406504W400,Mahihkan Battery 02-21,3,0
ABWI105010406604W400,Mahihkan Battery 02-21,2,1
ABWI105011006504W400,Mahihkan Battery 02-21,0,0
ABWI105011006604W400,Mahihkan Battery 02-21,4,1
ABWI105011506504W400,Mahihkan Battery 02-21,6,0
ABWI105012106504W400,Mahihkan Battery 02-21,5,1
ABWI105012206504W400,Mahihkan Battery 02-21,4,2
ABWI105012906504W400,Mahihkan Battery 02-21,3,1
ABWI105013406504W400,Mahihkan Battery 02-21,1,1
ABWI105021006604W400,Mahihkan Battery 02-21,5,0
ABWI105021506504W400,Mahihkan Battery 02-21,3,2
ABWI105022206504W400,Mahihkan Battery 02-21,5,2
ABWI105022706504W400,Mahihkan Battery 02-21,6,2
ABWI105022806604W400,Mahihkan Battery 02-21,3,2
ABWI105023506504W400,Mahihkan Battery 02-21,2,2
ABWI105030306604W400,Mahihkan Battery 02-21,1,0
ABWI105030906604W400,Mahihkan Battery 02-21,4,2
ABWI105031506504W400,Mahihkan Battery 02-21,3,1
ABWI105032206504W400,Mahihkan Battery 02-21,6,2
ABWI105032306504W400,Mahihkan Battery 02-21,2,2
ABWI105032706504W400,Mahihkan Battery 02-21,1,0
ABWI105033306604W400,Mahihkan Battery 02-21,2,0
ABWI105033406504W400,Mahihkan Battery 02-21,4,2
ABWI105033506504W400,Mahihkan Battery 02-21,4,0
ABWI105040306604W400,Mahihkan Battery 02-21,5,1
ABWI105041006604W400,Mahihkan Battery 02-21,2,0
ABWI105041506504W400,Mahihkan Battery 02-21,1,0
ABWI105042206504W400,Mahihkan Battery 02-21,3,1
ABWI105042306504W400,Mahihkan Battery 02-21,6,5
ABWI105042606504W400,Mahihkan Battery 02-21,6,0
ABWI105042706504W400,Mahihkan Battery 02-21,2,1
ABWI105042806504W400,Mahihkan Battery 02-21,4,1
ABWI105043406504W400,Mahihkan Battery 02-21,1,0
ABWI105043506504W400,Mahihkan Battery 02-21,4,0
ABWI105050206504W400,Mahihkan Battery 02-21,0,0
ABWI105051006604W400,Mahihkan Battery 02-21,4,3
ABWI105051106504W400,Mahihkan Battery 02-21,0,0
ABWI105051506504W400,Mahihkan Battery 02-21,8,2
ABWI105052706504W400,Mahihkan Battery 02-21,4,2
ABWI105053506504W400,Mahihkan Battery 02-21,2,0
ABWI105060306604W400,Mahihkan Battery 02-21,3,1
ABWI105060906604W400,Mahihkan Battery 02-21,6,2
ABWI105061006504W400,Mahihkan Battery 02-21,2,0
ABWI105061106504W400,Mahihkan Battery 02-21,0,0
ABWI105061506504W400,Mahihkan Battery 02-21,3,3
ABWI105062206504W400,Mahihkan Battery 02-21,5,2
ABWI105062706504W400,Mahihkan Battery 02-21,5,1
ABWI105062806504W400,Mahihkan Battery 02-21,4,1
ABWI105063306604W400,Mahihkan Battery 02-21,5,0
ABWI105063406504W400,Mahihkan Battery 02-21,1,0
ABWI105063506504W402,Mahihkan Battery 02-21,2,0
ABWI105070306604W400,Mahihkan Battery 02-21,6,3
ABWI105071006504W400,Mahihkan Battery 02-21,0,0
ABWI105072106604W400,Mahihkan Battery 02-21,4,0
ABWI105072206504W400,Mahihkan Battery 02-21,1,1
ABWI105072706504W400,Mahihkan Battery 02-21,5,2
ABWI105073406504W400,Mahihkan Battery 02-21,5,2
ABWI105073506504W400,Mahihkan Battery 02-21,4,1
ABWI105080406604W400,Mahihkan Battery 02-21,1,1
ABWI105081006504W400,Mahihkan Battery 02-21,0,0
ABWI105081106504W400,Mahihkan Battery 02-21,0,0
ABWI105081506504W400,Mahihkan Battery 02-21,6,3
ABWI105082606504W400,Mahihkan Battery 02-21,0,0
ABWI105082706504W400,Mahihkan Battery 02-21,6,2
ABWI105082806504W400,Mahihkan Battery 02-21,3,1
ABWI105082906504W400,Mahihkan Battery 02-21,7,1
ABWI105083406504W400,Mahihkan Battery 02-21,7,1
ABWI105090306504W400,Mahihkan Battery 02-21,0,0
ABWI105091006504W400,Mahihkan Battery 02-21,4,1
ABWI105091106504W400,Mahihkan Battery 02-21,0,0
ABWI105091506504W400,Mahihkan Battery 02-21,6,0
ABWI105092106504W400,Mahihkan Battery 02-21,5,1
ABWI105092806504W400,Mahihkan Battery 02-21,3,2
ABWI105092906504W400,Mahihkan Battery 02-21,4,1
ABWI105093406504W400,Mahihkan Battery 02-21,6,1
ABWI105101006504W400,Mahihkan Battery 02-21,4,1
ABWI105101106504W400,Mahihkan Battery 02-21,0,0
ABWI105101406504W400,Mahihkan Battery 02-21,3,1
ABWI105101506504W400,Mahihkan Battery 02-21,5,1
ABWI105102106504W400,Mahihkan Battery 02-21,5,1
ABWI105102206504W400,Mahihkan Battery 02-21,5,0
ABWI105102706504W400,Mahihkan Battery 02-21,7,2
ABWI105102806504W400,Mahihkan Battery 02-21,4,2
ABWI105103406504W400,Mahihkan Battery 02-21,3,1
ABWI105111106504W400,Mahihkan Battery 02-21,0,0
ABWI105111506504W400,Mahihkan Battery 02-21,3,0
ABWI105112206504W400,Mahihkan Battery 02-21,4,2
ABWI105112806504W400,Mahihkan Battery 02-21,4,1
ABWI105112806604W400,Mahihkan Battery 02-21,5,2
ABWI105113406504W400,Mahihkan Battery 02-21,1,1
ABWI105113506504W400,Mahihkan Battery 02-21,3,0
ABWI105120206504W400,Mahihkan Battery 02-21,0,0
ABWI105120306604W400,Mahihkan Battery 02-21,4,3
ABWI105120406604W400,Mahihkan Battery 02-21,4,2
ABWI105121006604W400,Mahihkan Battery 02-21,3,2
ABWI105121106504W400,Mahihkan Battery 02-21,0,0
ABWI105121206504W400,Mahihkan Battery 02-21,0,0
ABWI105121506504W400,Mahihkan Battery 02-21,6,2
ABWI105122206504W400,Mahihkan Battery 02-21,4,1
ABWI105123406504W400,Mahihkan Battery 02-21,3,1
ABWI105123506504W400,Mahihkan Battery 02-21,3,1
ABWI105130206504W400,Mahihkan Battery 02-21,0,0
ABWI105130306604W400,Mahihkan Battery 02-21,4,2
ABWI105131406504W402,Mahihkan Battery 02-21,4,0
ABWI105131506504W400,Mahihkan Battery 02-21,1,0
ABWI105132606504W400,Mahihkan Battery 02-21,7,3
ABWI105132806504W400,Mahihkan Battery 02-21,4,1
ABWI105133406504W400,Mahihkan Battery 02-21,3,0
ABWI105133506504W400,Mahihkan Battery 02-21,3,1
ABWI105141006504W400,Mahihkan Battery 02-21,4,0
ABWI105141106504W400,Mahihkan Battery 02-21,0,0
ABWI105141406504W402,Mahihkan Battery 02-21,1,1
ABWI105141506504W400,Mahihkan Battery 02-21,4,2
ABWI105142606504W400,Mahihkan Battery 02-21,1,0
ABWI105142706504W400,Mahihkan Battery 02-21,3,0
ABWI105142806604W400,Mahihkan Battery 02-21,5,4
ABWI105143406504W400,Mahihkan Battery 02-21,2,0
ABWI105151006504W400,Mahihkan Battery 02-21,6,1
ABWI105151606504W400,Mahihkan Battery 02-21,5,0
ABWI105152906504W400,Mahihkan Battery 02-21,3,0
ABWI105160506604W400,Mahihkan Battery 02-21,6,4
ABWI105160906604W400,Mahihkan Battery 02-21,4,1
ABWI105161006504W400,Mahihkan Battery 02-21,4,0
ABWI105161106504W400,Mahihkan Battery 02-21,0,0
ABWI105161506504W400,Mahihkan Battery 02-21,6,0
ABWI105161606504W400,Mahihkan Battery 02-21,6,2
ABWI105162706504W400,Mahihkan Battery 02-21,4,1
ABWI105162906504W400,Mahihkan Battery 02-21,3,1
ABWI105163306504W400,Mahihkan Battery 02-21,5,1
ABWI105163406504W402,Mahihkan Battery 02-21,2,0
ABWI106010306604W400,Mahihkan Battery 02-21,7,3
ABWI106010406604W400,Mahihkan Battery 02-21,4,2
ABWI106011006604W400,Mahihkan Battery 02-21,5,3
ABWI106011506504W400,Mahihkan Battery 02-21,8,1
ABWI106012206504W400,Mahihkan Battery 02-21,4,0
ABWI106012906504W400,Mahihkan Battery 02-21,3,1
ABWI106013406504W400,Mahihkan Battery 02-21,3,1
ABWI106021006604W400,Mahihkan Battery 02-21,5,2
ABWI106021506504W400,Mahihkan Battery 02-21,4,1
ABWI106022106604W400,Mahihkan Battery 02-21,0,0
ABWI106022206504W400,Mahihkan Battery 02-21,5,2
ABWI106022806604W400,Mahihkan Battery 02-21,6,2
ABWI106023406504W400,Mahihkan Battery 02-21,2,0
ABWI106023506504W400,Mahihkan Battery 02-21,2,2
ABWI106030306604W400,Mahihkan Battery 02-21,4,2
ABWI106031006604W400,Mahihkan Battery 02-21,5,0
ABWI106031106504W400,Mahihkan Battery 02-21,0,0
ABWI106031506504W400,Mahihkan Battery 02-21,2,0
ABWI106032806504W400,Mahihkan Battery 02-21,4,1
ABWI106033506504W400,Mahihkan Battery 02-21,3,0
ABWI106040306604W400,Mahihkan Battery 02-21,4,1
ABWI106041006604W400,Mahihkan Battery 02-21,3,2
ABWI106041106504W400,Mahihkan Battery 02-21,0,0
ABWI106042206504W400,Mahihkan Battery 02-21,4,2
ABWI106042306504W400,Mahihkan Battery 02-21,2,1
ABWI106043506504W400,Mahihkan Battery 02-21,2,1
ABWI106050306604W400,Mahihkan Battery 02-21,2,1
ABWI106051006604W400,Mahihkan Battery 02-21,3,0
ABWI106051106504W400,Mahihkan Battery 02-21,0,0
ABWI106051506504W400,Mahihkan Battery 02-21,1,0
ABWI106052206504W400,Mahihkan Battery 02-21,3,1
ABWI106052306504W400,Mahihkan Battery 02-21,1,0
ABWI106052706504W400,Mahihkan Battery 02-21,4,0
ABWI106052806504W400,Mahihkan Battery 02-21,3,2
ABWI106053506504W400,Mahihkan Battery 02-21,5,1
ABWI106060306604W400,Mahihkan Battery 02-21,4,1
ABWI106060906604W400,Mahihkan Battery 02-21,4,1
ABWI106062106604W400,Mahihkan Battery 02-21,5,0
ABWI106062206504W400,Mahihkan Battery 02-21,2,0
ABWI106062706504W400,Mahihkan Battery 02-21,5,1
ABWI106063306604W400,Mahihkan Battery 02-21,3,1
ABWI106063406504W400,Mahihkan Battery 02-21,1,0
ABWI106063506504W402,Mahihkan Battery 02-21,3,1
ABWI106070306604W400,Mahihkan Battery 02-21,6,2
ABWI106071006504W400,Mahihkan Battery 02-21,0,0
ABWI106071106504W400,Mahihkan Battery 02-21,0,0
ABWI106071506504W400,Mahihkan Battery 02-21,4,0
ABWI106072006604W400,Mahihkan Battery 02-21,5,3
ABWI106072206504W400,Mahihkan Battery 02-21,3,1
ABWI106072706504W400,Mahihkan Battery 02-21,2,1
ABWI106073406504W400,Mahihkan Battery 02-21,4,1
ABWI106080406604W400,Mahihkan Battery 02-21,2,1
ABWI106081106504W400,Mahihkan Battery 02-21,0,0
ABWI106081506504W400,Mahihkan Battery 02-21,4,2
ABWI106082106504W400,Mahihkan Battery 02-21,6,2
ABWI106082706504W400,Mahihkan Battery 02-21,4,1
ABWI106083406504W400,Mahihkan Battery 02-21,3,1
ABWI106091506504W400,Mahihkan Battery 02-21,5,2
ABWI106091606504W400,Mahihkan Battery 02-21,4,3
ABWI106092106504W400,Mahihkan Battery 02-21,1,0
ABWI106092706504W400,Mahihkan Battery 02-21,3,0
ABWI106092806504W400,Mahihkan Battery 02-21,5,2
ABWI106092906504W400,Mahihkan Battery 02-21,3,1
ABWI106101006504W400,Mahihkan Battery 02-21,3,0
ABWI106101106504W400,Mahihkan Battery 02-21,0,0
ABWI106101406504W400,Mahihkan Battery 02-21,3,0
ABWI106101506504W400,Mahihkan Battery 02-21,4,0
ABWI106102106504W400,Mahihkan Battery 02-21,3,0
ABWI106102706504W400,Mahihkan Battery 02-21,5,1
ABWI106102806504W400,Mahihkan Battery 02-21,2,0
ABWI106103406504W400,Mahihkan Battery 02-21,5,1
ABWI106103506504W400,Mahihkan Battery 02-21,3,0
ABWI106111006504W400,Mahihkan Battery 02-21,6,1
ABWI106111106504W400,Mahihkan Battery 02-21,0,0
ABWI106111506504W400,Mahihkan Battery 02-21,5,3
ABWI106112206504W400,Mahihkan Battery 02-21,4,1
ABWI106112706504W400,Mahihkan Battery 02-21,4,2
ABWI106112806504W400,Mahihkan Battery 02-21,3,1
ABWI106113406504W400,Mahihkan Battery 02-21,1,0
ABWI106113506504W400,Mahihkan Battery 02-21,2,0
ABWI106120206504W400,Mahihkan Battery 02-21,0,0
ABWI106120306604W400,Mahihkan Battery 02-21,2,1
ABWI106121006604W400,Mahihkan Battery 02-21,2,1
ABWI106121106504W400,Mahihkan Battery 02-21,0,0
ABWI106122606504W400,Mahihkan Battery 02-21,5,0
ABWI106122806504W400,Mahihkan Battery 02-21,1,0
ABWI106123406504W400,Mahihkan Battery 02-21,3,0
ABWI106123506504W400,Mahihkan Battery 02-21,2,2
ABWI106130206504W400,Mahihkan Battery 02-21,0,0
ABWI106130306604W400,Mahihkan Battery 02-21,2,2
ABWI106131106504W400,Mahihkan Battery 02-21,0,0
ABWI106131406504W400,Mahihkan Battery 02-21,3,1
ABWI106131506504W400,Mahihkan Battery 02-21,7,3
ABWI106132606504W400,Mahihkan Battery 02-21,7,3
ABWI106132806504W400,Mahihkan Battery 02-21,2,0
ABWI106133406504W400,Mahihkan Battery 02-21,4,2
ABWI106140306604W400,Mahihkan Battery 02-21,3,2
ABWI106141006504W400,Mahihkan Battery 02-21,3,0
ABWI106141406504W400,Mahihkan Battery 02-21,2,0
ABWI106141506504W400,Mahihkan Battery 02-21,2,2
ABWI106142106504W400,Mahihkan Battery 02-21,1,0
ABWI106142606504W400,Mahihkan Battery 02-21,6,0
ABWI106142706504W400,Mahihkan Battery 02-21,4,0
ABWI106142806504W400,Mahihkan Battery 02-21,3,1
ABWI106150406604W400,Mahihkan Battery 02-21,4,1
ABWI106151006504W400,Mahihkan Battery 02-21,5,2
ABWI106151106504W400,Mahihkan Battery 02-21,0,0
ABWI106151406504W400,Mahihkan Battery 02-21,3,0
ABWI106151506504W400,Mahihkan Battery 02-21,5,0
ABWI106152706504W400,Mahihkan Battery 02-21,3,1
ABWI106160306504W400,Mahihkan Battery 02-21,0,0
ABWI106161006504W400,Mahihkan Battery 02-21,4,0
ABWI106161106504W400,Mahihkan Battery 02-21,0,0
ABWI106161506504W400,Mahihkan Battery 02-21,4,3
ABWI106161606504W400,Mahihkan Battery 02-21,5,0
ABWI106162906504W400,Mahihkan Battery 02-21,1,0
ABWI106163306504W400,Mahihkan Battery 02-21,3,0
ABWI106163406504W400,Mahihkan Battery 02-21,3,1
ABWI107010306604W400,Mahihkan Battery 02-21,4,1
ABWI107010406604W400,Mahihkan Battery 02-21,4,1
ABWI107011006504W400,Mahihkan Battery 02-21,0,0
ABWI107011006604W402,Mahihkan Battery 02-21,3,2
ABWI107011506504W400,Mahihkan Battery 02-21,4,2
ABWI107012106504W400,Mahihkan Battery 02-21,2,0
ABWI107012206504W400,Mahihkan Battery 02-21,4,2
ABWI107012706504W400,Mahihkan Battery 02-21,3,2
ABWI107012906504W400,Mahihkan Battery 02-21,3,1
ABWI107013406504W400,Mahihkan Battery 02-21,7,2
ABWI107020306604W400,Mahihkan Battery 02-21,4,0
ABWI107021006604W400,Mahihkan Battery 02-21,6,0
ABWI107021506504W400,Mahihkan Battery 02-21,5,1
ABWI107022206504W400,Mahihkan Battery 02-21,3,1
ABWI107023406504W400,Mahihkan Battery 02-21,2,0
ABWI107023506504W400,Mahihkan Battery 02-21,6,1
ABWI107030306604W402,Mahihkan Battery 02-21,3,1
ABWI107031106504W400,Mahihkan Battery 02-21,0,0
ABWI107031506504W400,Mahihkan Battery 02-21,2,1
ABWI107032206504W400,Mahihkan Battery 02-21,2,0
ABWI107032306504W400,Mahihkan Battery 02-21,3,1
ABWI107033306604W400,Mahihkan Battery 02-21,1,1
ABWI107033506504W400,Mahihkan Battery 02-21,2,0
ABWI107040306604W400,Mahihkan Battery 02-21,4,1
ABWI107041006604W400,Mahihkan Battery 02-21,2,1
ABWI107041106504W400,Mahihkan Battery 02-21,0,0
ABWI107041506504W400,Mahihkan Battery 02-21,0,0
ABWI107042306504W400,Mahihkan Battery 02-21,2,0
ABWI107042806504W400,Mahihkan Battery 02-21,3,2
ABWI107043506504W402,Mahihkan Battery 02-21,3,1
ABWI107050206504W400,Mahihkan Battery 02-21,0,0
ABWI107051006604W400,Mahihkan Battery 02-21,1,1
ABWI107051106504W400,Mahihkan Battery 02-21,0,0
ABWI107051506504W400,Mahihkan Battery 02-21,5,2
ABWI107052206504W400,Mahihkan Battery 02-21,4,2
ABWI107052306504W400,Mahihkan Battery 02-21,2,0
ABWI107052706504W400,Mahihkan Battery 02-21,6,0
ABWI107052806504W400,Mahihkan Battery 02-21,4,0
ABWI107053406504W400,Mahihkan Battery 02-21,3,0
ABWI107053506504W402,Mahihkan Battery 02-21,2,0
ABWI107060306604W400,Mahihkan Battery 02-21,4,2
ABWI107061106504W400,Mahihkan Battery 02-21,0,0
ABWI107061506504W402,Mahihkan Battery 02-21,6,1
ABWI107062206504W400,Mahihkan Battery 02-21,1,1
ABWI107062306504W400,Mahihkan Battery 02-21,8,0
ABWI107062706504W400,Mahihkan Battery 02-21,2,1
ABWI107062806504W400,Mahihkan Battery 02-21,3,1
ABWI107063306604W400,Mahihkan Battery 02-21,4,1
ABWI107063406504W400,Mahihkan Battery 02-21,2,0
ABWI107070306604W400,Mahihkan Battery 02-21,6,2
ABWI107071006504W400,Mahihkan Battery 02-21,0,0
ABWI107071106504W400,Mahihkan Battery 02-21,0,0
ABWI107071506504W400,Mahihkan Battery 02-21,6,3
ABWI107072706504W400,Mahihkan Battery 02-21,6,1
ABWI107073406504W400,Mahihkan Battery 02-21,3,0
ABWI107080406604W400,Mahihkan Battery 02-21,3,0
ABWI107081006504W400,Mahihkan Battery 02-21,0,0
ABWI107081106504W400,Mahihkan Battery 02-21,0,0
ABWI107081506504W400,Mahihkan Battery 02-21,4,2
ABWI107082106504W400,Mahihkan Battery 02-21,3,2
ABWI107082206504W400,Mahihkan Battery 02-21,3,1
ABWI107082906504W400,Mahihkan Battery 02-21,4,0
ABWI107083406504W400,Mahihkan Battery 02-21,2,0
ABWI107090306504W400,Mahihkan Battery 02-21,0,0
ABWI107091006504W400,Mahihkan Battery 02-21,4,0
ABWI107091106504W400,Mahihkan Battery 02-21,0,0
ABWI107091506504W400,Mahihkan Battery 02-21,4,3
ABWI107091606504W400,Mahihkan Battery 02-21,3,1
ABWI107092706504W400,Mahihkan Battery 02-21,3,2
ABWI107092806504W400,Mahihkan Battery 02-21,8,0
ABWI107092906504W400,Mahihkan Battery 02-21,3,2
ABWI107100306604W400,Mahihkan Battery 02-21,5,2
ABWI107101006504W400,Mahihkan Battery 02-21,4,1
ABWI107101106504W400,Mahihkan Battery 02-21,0,0
ABWI107101406504W400,Mahihkan Battery 02-21,3,1
ABWI107101506504W400,Mahihkan Battery 02-21,6,3
ABWI107102106504W400,Mahihkan Battery 02-21,4,1
ABWI107102806504W400,Mahihkan Battery 02-21,6,1
ABWI107103406504W400,Mahihkan Battery 02-21,7,1
ABWI107111106504W400,Mahihkan Battery 02-21,0,0
ABWI107111406504W400,Mahihkan Battery 02-21,4,0
ABWI107111506504W400,Mahihkan Battery 02-21,2,1
ABWI107112206504W400,Mahihkan Battery 02-21,5,2
ABWI107112606504W400,Mahihkan Battery 02-21,6,1
ABWI107112806504W400,Mahihkan Battery 02-21,3,1
ABWI107113406504W400,Mahihkan Battery 02-21,2,1
ABWI107113506504W400,Mahihkan Battery 02-21,0,0
ABWI107120206504W400,Mahihkan Battery 02-21,0,0
ABWI107121006604W402,Mahihkan Battery 02-21,1,1
ABWI107122606504W400,Mahihkan Battery 02-21,5,2
ABWI107122806504W400,Mahihkan Battery 02-21,2,1
ABWI107123406504W400,Mahihkan Battery 02-21,3,1
ABWI107123506504W400,Mahihkan Battery 02-21,3,2
ABWI107130206504W400,Mahihkan Battery 02-21,0,0
ABWI107130306604W400,Mahihkan Battery 02-21,3,1
ABWI107131106504W400,Mahihkan Battery 02-21,0,0
ABWI107131406504W400,Mahihkan Battery 02-21,6,2
ABWI107131506504W400,Mahihkan Battery 02-21,2,1
ABWI107132606504W400,Mahihkan Battery 02-21,4,1
ABWI107132806504W400,Mahihkan Battery 02-21,3,0
ABWI107133406504W400,Mahihkan Battery 02-21,4,1
ABWI107140306604W400,Mahihkan Battery 02-21,3,2
ABWI107141006504W400,Mahihkan Battery 02-21,2,2
ABWI107141106504W400,Mahihkan Battery 02-21,0,0
ABWI107141406504W400,Mahihkan Battery 02-21,2,0
ABWI107141506504W400,Mahihkan Battery 02-21,3,0
ABWI107142106504W400,Mahihkan Battery 02-21,6,3
ABWI107142206504W400,Mahihkan Battery 02-21,1,0
ABWI107142606504W400,Mahihkan Battery 02-21,5,1
ABWI107142706504W400,Mahihkan Battery 02-21,3,1
ABWI107142806504W400,Mahihkan Battery 02-21,3,1
ABWI107143406504W400,Mahihkan Battery 02-21,5,1
ABWI107150406604W400,Mahihkan Battery 02-21,4,2
ABWI107151006504W400,Mahihkan Battery 02-21,6,2
ABWI107151106504W400,Mahihkan Battery 02-21,0,0
ABWI107151406504W400,Mahihkan Battery 02-21,6,3
ABWI107151506504W400,Mahihkan Battery 02-21,5,3
ABWI107152706504W400,Mahihkan Battery 02-21,5,0
ABWI107160306504W400,Mahihkan Battery 02-21,0,0
ABWI107160306604W400,Mahihkan Battery 02-21,4,0
ABWI107161006504W400,Mahihkan Battery 02-21,4,1
ABWI107161106504W400,Mahihkan Battery 02-21,0,0
ABWI107161506504W400,Mahihkan Battery 02-21,7,1
ABWI107161606504W400,Mahihkan Battery 02-21,4,1
ABWI107162706504W400,Mahihkan Battery 02-21,1,1
ABWI107162906504W400,Mahihkan Battery 02-21,3,1
ABWI107163406504W400,Mahihkan Battery 02-21,4,0
ABWI108010406604W400,Mahihkan Battery 02-21,3,0
ABWI108011006604W400,Mahihkan Battery 02-21,3,1
ABWI108011506504W400,Mahihkan Battery 02-21,5,1
ABWI108012106504W400,Mahihkan Battery 02-21,4,2
ABWI108012206504W400,Mahihkan Battery 02-21,4,0
ABWI108012706504W400,Mahihkan Battery 02-21,6,2
ABWI108012906504W400,Mahihkan Battery 02-21,3,1
ABWI108013406504W400,Mahihkan Battery 02-21,4,0
ABWI108021006604W400,Mahihkan Battery 02-21,3,1
ABWI108021506504W400,Mahihkan Battery 02-21,4,1
ABWI108022206504W400,Mahihkan Battery 02-21,3,0
ABWI108023406504W400,Mahihkan Battery 02-21,2,0
ABWI108031106504W400,Mahihkan Battery 02-21,0,0
ABWI108031506504W400,Mahihkan Battery 02-21,3,3
ABWI108032206504W400,Mahihkan Battery 02-21,4,1
ABWI108032806504W400,Mahihkan Battery 02-21,2,0
ABWI108033506504W400,Mahihkan Battery 02-21,5,2
ABWI108040306604W400,Mahihkan Battery 02-21,2,1
ABWI108041006604W402,Mahihkan Battery 02-21,3,2
ABWI108042206504W400,Mahihkan Battery 02-21,5,2
ABWI108042306504W400,Mahihkan Battery 02-21,2,1
ABWI108042806504W400,Mahihkan Battery 02-21,5,2
ABWI108050206504W400,Mahihkan Battery 02-21,0,0
ABWI108050306604W400,Mahihkan Battery 02-21,6,2
ABWI108051006604W400,Mahihkan Battery 02-21,2,1
ABWI108051106504W400,Mahihkan Battery 02-21,0,0
ABWI108052206504W400,Mahihkan Battery 02-21,2,1
ABWI108052306504W400,Mahihkan Battery 02-21,5,3
ABWI108052606504W400,Mahihkan Battery 02-21,6,2
ABWI108052706504W400,Mahihkan Battery 02-21,5,1
ABWI108052806504W400,Mahihkan Battery 02-21,2,1
ABWI108053506504W400,Mahihkan Battery 02-21,5,2
ABWI108062206504W400,Mahihkan Battery 02-21,4,3
ABWI108062806504W400,Mahihkan Battery 02-21,5,2
ABWI108063406504W400,Mahihkan Battery 02-21,3,0
ABWI108063506504W400,Mahihkan Battery 02-21,2,0
ABWI108070306604W400,Mahihkan Battery 02-21,4,0
ABWI108071106504W400,Mahihkan Battery 02-21,0,0
ABWI108071506504W400,Mahihkan Battery 02-21,8,2
ABWI108072206504W400,Mahihkan Battery 02-21,5,3
ABWI108072706504W400,Mahihkan Battery 02-21,6,3
ABWI108073406504W400,Mahihkan Battery 02-21,5,2
ABWI108073506504W400,Mahihkan Battery 02-21,6,2
ABWI108080406604W400,Mahihkan Battery 02-21,3,0
ABWI108081006504W400,Mahihkan Battery 02-21,0,0
ABWI108081506504W400,Mahihkan Battery 02-21,4,1
ABWI108082206504W400,Mahihkan Battery 02-21,2,1
ABWI108082706504W400,Mahihkan Battery 02-21,5,2
ABWI108082906504W400,Mahihkan Battery 02-21,2,1
ABWI108083406504W400,Mahihkan Battery 02-21,6,3
ABWI108090306504W400,Mahihkan Battery 02-21,0,0
ABWI108090306604W400,Mahihkan Battery 02-21,2,0
ABWI108091006504W400,Mahihkan Battery 02-21,4,2
ABWI108091506504W400,Mahihkan Battery 02-21,6,2
ABWI108091606504W400,Mahihkan Battery 02-21,7,1
ABWI108092706504W400,Mahihkan Battery 02-21,2,1
ABWI108093406504W400,Mahihkan Battery 02-21,8,0
ABWI108100306604W400,Mahihkan Battery 02-21,6,1
ABWI108101006504W400,Mahihkan Battery 02-21,6,1
ABWI108101106504W400,Mahihkan Battery 02-21,0,0
ABWI108101406504W400,Mahihkan Battery 02-21,6,1
ABWI108102106504W400,Mahihkan Battery 02-21,3,1
ABWI108102206504W400,Mahihkan Battery 02-21,5,1
ABWI108102806504W400,Mahihkan Battery 02-21,5,2
ABWI108103406504W400,Mahihkan Battery 02-21,2,0
ABWI108110306604W400,Mahihkan Battery 02-21,3,0
ABWI108111006504W400,Mahihkan Battery 02-21,1,0
ABWI108111106504W400,Mahihkan Battery 02-21,0,0
ABWI108111506504W400,Mahihkan Battery 02-21,4,0
ABWI108112206504W400,Mahihkan Battery 02-21,3,3
ABWI108112606504W400,Mahihkan Battery 02-21,5,1
ABWI108112806504W400,Mahihkan Battery 02-21,6,3
ABWI108113406504W400,Mahihkan Battery 02-21,3,1
ABWI108113506504W400,Mahihkan Battery 02-21,3,0
ABWI108120206504W400,Mahihkan Battery 02-21,0,0
ABWI108120306604W400,Mahihkan Battery 02-21,7,1
ABWI108121106504W400,Mahihkan Battery 02-21,0,0
ABWI108121506504W400,Mahihkan Battery 02-21,4,2
ABWI108122606504W400,Mahihkan Battery 02-21,9,2
ABWI108122806504W400,Mahihkan Battery 02-21,4,0
ABWI108123406504W400,Mahihkan Battery 02-21,4,0
ABWI108123506504W400,Mahihkan Battery 02-21,6,2
ABWI108130206504W400,Mahihkan Battery 02-21,0,0
ABWI108131406504W400,Mahihkan Battery 02-21,5,2
ABWI108132606504W400,Mahihkan Battery 02-21,3,2
ABWI108132806504W400,Mahihkan Battery 02-21,1,1
ABWI108133406504W400,Mahihkan Battery 02-21,4,1
ABWI108141006504W400,Mahihkan Battery 02-21,1,1
ABWI108141106504W400,Mahihkan Battery 02-21,0,0
ABWI108141506504W400,Mahihkan Battery 02-21,4,1
ABWI108142606504W400,Mahihkan Battery 02-21,6,0
ABWI108142806504W400,Mahihkan Battery 02-21,7,3
ABWI108150306604W400,Mahihkan Battery 02-21,3,2
ABWI108150406604W400,Mahihkan Battery 02-21,4,1
ABWI108151006504W400,Mahihkan Battery 02-21,5,2
ABWI108151406504W400,Mahihkan Battery 02-21,2,1
ABWI108151506504W400,Mahihkan Battery 02-21,4,0
ABWI108151606604W400,Mahihkan Battery 02-21,6,0
ABWI108152706504W400,Mahihkan Battery 02-21,5,0
ABWI108152906504W400,Mahihkan Battery 02-21,4,3
ABWI108153406504W400,Mahihkan Battery 02-21,5,0
ABWI108160306604W400,Mahihkan Battery 02-21,4,2
ABWI108161006504W400,Mahihkan Battery 02-21,6,2
ABWI108161106504W400,Mahihkan Battery 02-21,0,0
ABWI108161506504W400,Mahihkan Battery 02-21,7,1
ABWI108161606504W400,Mahihkan Battery 02-21,5,3
ABWI108162706504W400,Mahihkan Battery 02-21,6,1
ABWI108162806504W400,Mahihkan Battery 02-21,3,1
ABWI108162906504W400,Mahihkan Battery 02-21,5,2
ABWI108163306504W400,Mahihkan Battery 02-21,3,0
ABWI108163406504W400,Mahihkan Battery 02-21,1,1
ABWI109010406604W400,Mahihkan Battery 02-21,3,2
ABWI109011506504W400,Mahihkan Battery 02-21,7,2
ABWI109012106504W400,Mahihkan Battery 02-21,2,1
ABWI109012706504W400,Mahihkan Battery 02-21,7,1
ABWI109013406504W400,Mahihkan Battery 02-21,3,1
ABWI109020306604W400,Mahihkan Battery 02-21,4,1
ABWI109021506504W400,Mahihkan Battery 02-21,7,1
ABWI109022206504W400,Mahihkan Battery 02-21,6,1
ABWI109022306504W400,Mahihkan Battery 02-21,1,1
ABWI109023406504W400,Mahihkan Battery 02-21,4,2
ABWI109031106504W400,Mahihkan Battery 02-21,0,0
ABWI109032206504W400,Mahihkan Battery 02-21,4,1
ABWI109032806504W400,Mahihkan Battery 02-21,4,0
ABWI109033506504W400,Mahihkan Battery 02-21,5,1
ABWI109040306604W400,Mahihkan Battery 02-21,5,0
ABWI109041106504W400,Mahihkan Battery 02-21,0,0
ABWI109042206504W400,Mahihkan Battery 02-21,5,3
ABWI109042306504W400,Mahihkan Battery 02-21,2,1
ABWI109042806504W400,Mahihkan Battery 02-21,3,1
ABWI109043506504W400,Mahihkan Battery 02-21,3,1
ABWI109050306604W400,Mahihkan Battery 02-21,4,2
ABWI109051006604W400,Mahihkan Battery 02-21,1,1
ABWI109051506504W400,Mahihkan Battery 02-21,1,0
ABWI109052206504W400,Mahihkan Battery 02-21,5,1
ABWI109052606504W400,Mahihkan Battery 02-21,3,0
ABWI109052706504W400,Mahihkan Battery 02-21,8,2
ABWI109052806504W400,Mahihkan Battery 02-21,8,1
ABWI109061106504W400,Mahihkan Battery 02-21,0,0
ABWI109061506504W400,Mahihkan Battery 02-21,7,2
ABWI109062206504W400,Mahihkan Battery 02-21,2,0
ABWI109062706504W400,Mahihkan Battery 02-21,4,0
ABWI109063406504W400,Mahihkan Battery 02-21,3,0
ABWI109063506504W402,Mahihkan Battery 02-21,1,0
ABWI109070306604W400,Mahihkan Battery 02-21,5,1
ABWI109071006504W400,Mahihkan Battery 02-21,1,0
ABWI109071106504W400,Mahihkan Battery 02-21,0,0
ABWI109071506504W400,Mahihkan Battery 02-21,6,2
ABWI109072106504W400,Mahihkan Battery 02-21,5,3
ABWI109072206504W400,Mahihkan Battery 02-21,2,0
ABWI109072706504W400,Mahihkan Battery 02-21,6,2
ABWI109081006504W400,Mahihkan Battery 02-21,0,0
ABWI109081506504W400,Mahihkan Battery 02-21,4,1
ABWI109082106504W400,Mahihkan Battery 02-21,3,2
ABWI109082206504W400,Mahihkan Battery 02-21,3,2
ABWI109082906504W400,Mahihkan Battery 02-21,1,0
ABWI109083406504W400,Mahihkan Battery 02-21,2,1
ABWI109091006504W400,Mahihkan Battery 02-21,4,1
ABWI109091106504W400,Mahihkan Battery 02-21,0,0
ABWI109091506504W400,Mahihkan Battery 02-21,6,2
ABWI109091606504W400,Mahihkan Battery 02-21,6,3
ABWI109092706504W400,Mahihkan Battery 02-21,5,2
ABWI109092806504W400,Mahihkan Battery 02-21,4,1
ABWI109093406504W400,Mahihkan Battery 02-21,7,0
ABWI109100306604W400,Mahihkan Battery 02-21,4,1
ABWI109102106504W400,Mahihkan Battery 02-21,5,1
ABWI109102206504W400,Mahihkan Battery 02-21,5,1
ABWI109102706504W400,Mahihkan Battery 02-21,4,1
ABWI109103406504W400,Mahihkan Battery 02-21,1,1
ABWI109110306604W400,Mahihkan Battery 02-21,2,0
ABWI109111006504W400,Mahihkan Battery 02-21,3,1
ABWI109111106504W400,Mahihkan Battery 02-21,0,0
ABWI109111406504W400,Mahihkan Battery 02-21,3,1
ABWI109112206504W400,Mahihkan Battery 02-21,6,4
ABWI109113506504W400,Mahihkan Battery 02-21,4,1
ABWI109120206504W400,Mahihkan Battery 02-21,0,0
ABWI109120306604W400,Mahihkan Battery 02-21,5,2
ABWI109121106504W400,Mahihkan Battery 02-21,0,0
ABWI109121406504W400,Mahihkan Battery 02-21,5,1
ABWI109121506504W400,Mahihkan Battery 02-21,5,3
ABWI109122606504W400,Mahihkan Battery 02-21,3,1
ABWI109122806504W400,Mahihkan Battery 02-21,3,1
ABWI109123506504W400,Mahihkan Battery 02-21,5,0
ABWI109131106504W400,Mahihkan Battery 02-21,8,1
ABWI109131206504W400,Mahihkan Battery 02-21,0,0
ABWI109131406504W400,Mahihkan Battery 02-21,3,0
ABWI109131506504W400,Mahihkan Battery 02-21,2,1
ABWI109132606504W400,Mahihkan Battery 02-21,5,2
ABWI109132806504W400,Mahihkan Battery 02-21,1,0
ABWI109133406504W400,Mahihkan Battery 02-21,5,1
ABWI109141006504W400,Mahihkan Battery 02-21,1,0
ABWI109141106504W400,Mahihkan Battery 02-21,0,0
ABWI109141406504W400,Mahihkan Battery 02-21,5,0
ABWI109142806504W400,Mahihkan Battery 02-21,4,1
ABWI109143406504W400,Mahihkan Battery 02-21,3,0
ABWI109150306604W400,Mahihkan Battery 02-21,4,2
ABWI109150406604W400,Mahihkan Battery 02-21,5,3
ABWI109151406504W400,Mahihkan Battery 02-21,5,1
ABWI109151506504W400,Mahihkan Battery 02-21,5,1
ABWI109152706504W400,Mahihkan Battery 02-21,2,1
ABWI109152906504W400,Mahihkan Battery 02-21,3,1
ABWI109160306604W400,Mahihkan Battery 02-21,5,1
ABWI109161006504W400,Mahihkan Battery 02-21,4,1
ABWI109161106504W400,Mahihkan Battery 02-21,0,0
ABWI109161406504W400,Mahihkan Battery 02-21,2,1
ABWI109161506504W400,Mahihkan Battery 02-21,6,4
ABWI109161606504W400,Mahihkan Battery 02-21,3,2
ABWI109162706504W400,Mahihkan Battery 02-21,4,3
ABWI109162806504W404,Mahihkan Battery 02-21,2,0
ABWI109162906504W400,Mahihkan Battery 02-21,3,0
ABWI109163406504W400,Mahihkan Battery 02-21,6,1
ABWI110010406604W400,Mahihkan Battery 02-21,4,1
ABWI110011006504W400,Mahihkan Battery 02-21,0,0
ABWI110012106504W400,Mahihkan Battery 02-21,2,0
ABWI110012206504W400,Mahihkan Battery 02-21,5,2
ABWI110012706504W400,Mahihkan Battery 02-21,6,2
ABWI110013406504W400,Mahihkan Battery 02-21,1,0
ABWI110021006504W400,Mahihkan Battery 02-21,0,0
ABWI110021506504W400,Mahihkan Battery 02-21,5,1
ABWI110022306504W400,Mahihkan Battery 02-21,1,0
ABWI110032206504W400,Mahihkan Battery 02-21,5,1
ABWI110032306504W400,Mahihkan Battery 02-21,5,0
ABWI110033506504W400,Mahihkan Battery 02-21,4,0
ABWI110041106504W400,Mahihkan Battery 02-21,0,0
ABWI110042206504W400,Mahihkan Battery 02-21,3,1
ABWI110042306504W400,Mahihkan Battery 02-21,2,1
ABWI110043506504W400,Mahihkan Battery 02-21,4,2
ABWI110050306604W400,Mahihkan Battery 02-21,3,1
ABWI110051006604W400,Mahihkan Battery 02-21,1,1
ABWI110051106504W400,Mahihkan Battery 02-21,0,0
ABWI110051506504W400,Mahihkan Battery 02-21,0,0
ABWI110052206504W400,Mahihkan Battery 02-21,2,0
ABWI110052706504W400,Mahihkan Battery 02-21,7,1
ABWI110061106504W400,Mahihkan Battery 02-21,0,0
ABWI110061506504W400,Mahihkan Battery 02-21,2,2
ABWI110062206504W400,Mahihkan Battery 02-21,4,2
ABWI110063506504W400,Mahihkan Battery 02-21,2,0
ABWI110071006504W400,Mahihkan Battery 02-21,5,1
ABWI110071106504W400,Mahihkan Battery 02-21,0,0
ABWI110071506504W400,Mahihkan Battery 02-21,2,1
ABWI110072206504W400,Mahihkan Battery 02-21,3,1
ABWI110081006504W400,Mahihkan Battery 02-21,0,0
ABWI110081506504W400,Mahihkan Battery 02-21,3,1
ABWI110082106504W400,Mahihkan Battery 02-21,6,2
ABWI110082206504W400,Mahihkan Battery 02-21,1,1
ABWI110082706504W400,Mahihkan Battery 02-21,5,2
ABWI110082906504W400,Mahihkan Battery 02-21,6,0
ABWI110083406504W400,Mahihkan Battery 02-21,2,1
ABWI110091006504W400,Mahihkan Battery 02-21,4,2
ABWI110091106504W400,Mahihkan Battery 02-21,0,0
ABWI110091506504W400,Mahihkan Battery 02-21,5,1
ABWI110092106504W400,Mahihkan Battery 02-21,4,2
ABWI110092706504W400,Mahihkan Battery 02-21,3,1
ABWI110092906504W400,Mahihkan Battery 02-21,3,2
ABWI110100306604W400,Mahihkan Battery 02-21,4,2
ABWI110101506504W400,Mahihkan Battery 02-21,6,1
ABWI110102106504W400,Mahihkan Battery 02-21,6,2
ABWI110102206504W400,Mahihkan Battery 02-21,6,2
ABWI110103406504W400,Mahihkan Battery 02-21,2,0
ABWI110110306604W400,Mahihkan Battery 02-21,4,1
ABWI110111406504W400,Mahihkan Battery 02-21,5,0
ABWI110112606504W400,Mahihkan Battery 02-21,3,1
ABWI110112706504W400,Mahihkan Battery 02-21,3,1
ABWI110113406504W400,Mahihkan Battery 02-21,3,2
ABWI110113506504W400,Mahihkan Battery 02-21,6,2
ABWI110120206504W400,Mahihkan Battery 02-21,0,0
ABWI110120306604W400,Mahihkan Battery 02-21,4,1
ABWI110121406504W400,Mahihkan Battery 02-21,6,0
ABWI110122606504W400,Mahihkan Battery 02-21,4,2
ABWI110123506504W400,Mahihkan Battery 02-21,1,1
ABWI110130206504W400,Mahihkan Battery 02-21,0,0
ABWI110131106504W400,Mahihkan Battery 02-21,2,1
ABWI110131306504W400,Mahihkan Battery 02-21,0,0
ABWI110131406504W400,Mahihkan Battery 02-21,4,2
ABWI110131506504W400,Mahihkan Battery 02-21,4,1
ABWI110132606504W400,Mahihkan Battery 02-21,3,1
ABWI110133406504W400,Mahihkan Battery 02-21,5,2
ABWI110141006504W400,Mahihkan Battery 02-21,7,0
ABWI110141106504W400,Mahihkan Battery 02-21,0,0
ABWI110141406504W400,Mahihkan Battery 02-21,3,0
ABWI110142606504W400,Mahihkan Battery 02-21,7,1
ABWI110142806504W400,Mahihkan Battery 02-21,6,2
ABWI110150306604W400,Mahihkan Battery 02-21,4,1
ABWI110151006504W400,Mahihkan Battery 02-21,4,1
ABWI110151506504W400,Mahihkan Battery 02-21,6,2
ABWI110152106504W400,Mahihkan Battery 02-21,6,2
ABWI110152606504W400,Mahihkan Battery 02-21,3,3
ABWI110152906504W400,Mahihkan Battery 02-21,3,1
ABWI110153406504W400,Mahihkan Battery 02-21,6,1
ABWI110161006504W400,Mahihkan Battery 02-21,6,3
ABWI110161106504W400,Mahihkan Battery 02-21,0,0
ABWI110161406504W400,Mahihkan Battery 02-21,5,2
ABWI110161506504W400,Mahihkan Battery 02-21,6,2
ABWI110161606504W400,Mahihkan Battery 02-21,4,3
ABWI110162706504W400,Mahihkan Battery 02-21,5,1
ABWI110163406504W400,Mahihkan Battery 02-21,0,0
ABWI111010406604W400,Mahihkan Battery 02-21,7,2
ABWI111011406504W400,Mahihkan Battery 02-21,0,0
ABWI111011506504W402,Mahihkan Battery 02-21,5,2
ABWI111012106504W400,Mahihkan Battery 02-21,0,0
ABWI111012206504W400,Mahihkan Battery 02-21,3,1
ABWI111013406504W400,Mahihkan Battery 02-21,2,1
ABWI111021006504W400,Mahihkan Battery 02-21,0,0
ABWI111021106504W400,Mahihkan Battery 02-21,0,0
ABWI111022206504W400,Mahihkan Battery 02-21,4,1
ABWI111032306504W400,Mahihkan Battery 02-21,4,0
ABWI111032806504W400,Mahihkan Battery 02-21,3,1
ABWI111041106504W400,Mahihkan Battery 02-21,0,0
ABWI111041406504W400,Mahihkan Battery 02-21,4,1
ABWI111042206504W400,Mahihkan Battery 02-21,4,0
ABWI111042406504W400,Mahihkan Battery 02-21,0,0
ABWI111043506504W400,Mahihkan Battery 02-21,5,3
ABWI111050306604W400,Mahihkan Battery 02-21,4,1
ABWI111051006604W400,Mahihkan Battery 02-21,2,1
ABWI111052206504W400,Mahihkan Battery 02-21,2,1
ABWI111052606504W400,Mahihkan Battery 02-21,7,2
ABWI111052706504W400,Mahihkan Battery 02-21,5,2
ABWI111061106504W400,Mahihkan Battery 02-21,0,0
ABWI111061506504W400,Mahihkan Battery 02-21,4,1
ABWI111071506504W400,Mahihkan Battery 02-21,2,1
ABWI111072706504W400,Mahihkan Battery 02-21,6,2
ABWI111081006504W400,Mahihkan Battery 02-21,0,0
ABWI111081506504W400,Mahihkan Battery 02-21,5,1
ABWI111082106504W400,Mahihkan Battery 02-21,3,2
ABWI111082206504W400,Mahihkan Battery 02-21,4,2
ABWI111082706504W400,Mahihkan Battery 02-21,6,1
ABWI111092706504W400,Mahihkan Battery 02-21,2,0
ABWI111092906504W400,Mahihkan Battery 02-21,6,3
ABWI111101006504W400,Mahihkan Battery 02-21,5,0
ABWI111101406504W400,Mahihkan Battery 02-21,3,2
ABWI111101506504W400,Mahihkan Battery 02-21,2,0
ABWI111102706504W400,Mahihkan Battery 02-21,4,1
ABWI111102906504W400,Mahihkan Battery 02-21,4,2
ABWI111110306604W403,Mahihkan Battery 02-21,4,2
ABWI111111406504W400,Mahihkan Battery 02-21,3,2
ABWI111112806504W400,Mahihkan Battery 02-21,5,3
ABWI111120206504W400,Mahihkan Battery 02-21,0,0
ABWI111120306604W400,Mahihkan Battery 02-21,4,1
ABWI111121106504W400,Mahihkan Battery 02-21,6,1
ABWI111121506504W400,Mahihkan Battery 02-21,4,0
ABWI111122606504W400,Mahihkan Battery 02-21,2,0
ABWI111131106504W400,Mahihkan Battery 02-21,6,0
ABWI111131406504W400,Mahihkan Battery 02-21,5,2
ABWI111132606504W400,Mahihkan Battery 02-21,2,0
ABWI111141406504W400,Mahihkan Battery 02-21,4,1
ABWI111150306604W400,Mahihkan Battery 02-21,3,1
ABWI111152106504W400,Mahihkan Battery 02-21,6,2
ABWI111152606504W400,Mahihkan Battery 02-21,2,1
ABWI111152906504W400,Mahihkan Battery 02-21,3,0
ABWI111153406504W400,Mahihkan Battery 02-21,3,0
ABWI111161006504W400,Mahihkan Battery 02-21,6,2
ABWI111162706504W400,Mahihkan Battery 02-21,3,2
ABWI111163406504W400,Mahihkan Battery 02-21,3,2
ABWI112010406604W400,Mahihkan Battery 02-21,5,1
ABWI112032806504W400,Mahihkan Battery 02-21,4,1
ABWI112040306604W400,Mahihkan Battery 02-21,3,1
ABWI112041406504W402,Mahihkan Battery 02-21,0,0
ABWI112050306604W400,Mahihkan Battery 02-21,3,0
ABWI112051006604W400,Mahihkan Battery 02-21,2,1
ABWI112052206504W400,Mahihkan Battery 02-21,5,1
ABWI112052606504W400,Mahihkan Battery 02-21,5,0
ABWI112061106504W400,Mahihkan Battery 02-21,0,0
ABWI112072706504W400,Mahihkan Battery 02-21,4,2
ABWI112081506504W400,Mahihkan Battery 02-21,3,2
ABWI112082106504W400,Mahihkan Battery 02-21,2,1
ABWI112090306604W400,Mahihkan Battery 02-21,4,0
ABWI112092706504W400,Mahihkan Battery 02-21,4,1
ABWI112092906504W400,Mahihkan Battery 02-21,5,2
ABWI112101506504W400,Mahihkan Battery 02-21,6,1
ABWI112102906504W400,Mahihkan Battery 02-21,2,0
ABWI112103406504W402,Mahihkan Battery 02-21,2,0
ABWI112121106504W400,Mahihkan Battery 02-21,6,1
ABWI112132606504W400,Mahihkan Battery 02-21,5,0
ABWI112143406504W400,Mahihkan Battery 02-21,5,2
ABWI112152106504W400,Mahihkan Battery 02-21,4,1
ABWI112160306504W400,Mahihkan Battery 02-21,0,0
ABWI112162706504W400,Mahihkan Battery 02-21,5,2
ABWI112163406504W400,Mahihkan Battery 02-21,4,0
ABWI113013406504W400,Mahihkan Battery 02-21,1,0
ABWI113030306604W402,Mahihkan Battery 02-21,4,2
ABWI113040306604W400,Mahihkan Battery 02-21,3,0
ABWI113050306604W400,Mahihkan Battery 02-21,4,2
ABWI113051006604W400,Mahihkan Battery 02-21,4,2
ABWI113051406504W400,Mahihkan Battery 02-21,0,0
ABWI113061106504W400,Mahihkan Battery 02-21,0,0
ABWI113082106504W400,Mahihkan Battery 02-21,3,2
ABWI113101506504W400,Mahihkan Battery 02-21,5,2
ABWI113102906504W400,Mahihkan Battery 02-21,3,2
ABWI113112706504W400,Mahihkan Battery 02-21,6,0
ABWI113121106504W400,Mahihkan Battery 02-21,2,1
ABWI114032806504W400,Mahihkan Battery 02-21,2,0
ABWI114082106504W400,Mahihkan Battery 02-21,2,1
ABWI114102906504W400,Mahihkan Battery 02-21,4,3
ABWI114112706504W400,Mahihkan Battery 02-21,3,0
ABWI114120306604W400,Mahihkan Battery 02-21,6,2
ABWI114141506504W400,Mahihkan Battery 02-21,5,1
ABWI115153406504W402,Mahihkan Battery 02-21,1,0
ABWI117022206504W400,Mahihkan Battery 02-21,1,1
ABWI117050306604W400,Mahihkan Battery 02-21,3,1
ABWI118022206504W400,Mahihkan Battery 02-21,7,0
ABWI1S0010306604W400,Mahihkan Battery 02-21,2,0
ABWI1S0010406604W400,Mahihkan Battery 02-21,2,0
ABWI1S0021506504W400,Mahihkan Battery 02-21,7,2
ABWI1S0021606604W400,Mahihkan Battery 02-21,6,0
ABWI1S0022806604W400,Mahihkan Battery 02-21,6,1
ABWI1S0030306604W400,Mahihkan Battery 02-21,4,0
ABWI1S0032806604W400,Mahihkan Battery 02-21,5,1
ABWI1S0041506604W400,Mahihkan Battery 02-21,5,2
ABWI1W0042806504W400,Mahihkan Battery 02-21,3,2
ABWI1W0052806504W400,Mahihkan Battery 02-21,4,1
ABWI1W0122806504W400,Mahihkan Battery 02-21,4,2
ABWI1W2052506504W400,Mahihkan Battery 02-21,0,0
ABWI1W2052806504W400,Mahihkan Battery 02-21,3,0
ABWI100010106603W400,Nabiye 11-23,7,2
ABWI100012406603W400,Nabiye 11-23,4,0
ABWI100012506603W400,Nabiye 11-23,6,3
ABWI100012606603W400,Nabiye 11-23,3,1
ABWI100021306603W400,Nabiye 11-23,9,2
ABWI100021806602W402,Nabiye 11-23,7,1
ABWI100023006602W400,Nabiye 11-23,3,1
ABWI100023506603W400,Nabiye 11-23,3,0
ABWI100023506603W402,Nabiye 11-23,0,0
ABWI100023606603W400,Nabiye 11-23,6,2
ABWI100032306603W400,Nabiye 11-23,5,0
ABWI100032406603W400,Nabiye 11-23,7,3
ABWI100041306603W402,Nabiye 11-23,6,2
ABWI100042406603W400,Nabiye 11-23,7,2
ABWI100043106602W400,Nabiye 11-23,1,0
ABWI100043606603W400,Nabiye 11-23,7,3
ABWI100051306603W400,Nabiye 11-23,6,2
ABWI100051906602W400,Nabiye 11-23,6,0
ABWI100052406603W400,Nabiye 11-23,6,3
ABWI100052506603W400,Nabiye 11-23,5,2
ABWI100053106602W400,Nabiye 11-23,1,0
ABWI100053606603W400,Nabiye 11-23,7,1
ABWI100062306603W400,Nabiye 11-23,8,2
ABWI100062606603W400,Nabiye 11-23,5,2
ABWI100063606603W400,Nabiye 11-23,7,2
ABWI100070106603W400,Nabiye 11-23,6,4
ABWI100070706602W400,Nabiye 11-23,5,3
ABWI100071306603W400,Nabiye 11-23,5,3
ABWI100071806602W402,Nabiye 11-23,5,1
ABWI100072506603W400,Nabiye 11-23,5,2
ABWI100072606603W400,Nabiye 11-23,1,1
ABWI100073006602W402,Nabiye 11-23,1,0
ABWI100073506603W400,Nabiye 11-23,5,1
ABWI100073606603W400,Nabiye 11-23,5,2
ABWI100082506603W400,Nabiye 11-23,7,3
ABWI100082606603W400,Nabiye 11-23,7,2
ABWI100090106603W400,Nabiye 11-23,7,3
ABWI100091106603W400,Nabiye 11-23,4,2
ABWI100091206603W400,Nabiye 11-23,9,1
ABWI100091306603W400,Nabiye 11-23,6,2
ABWI100091406603W400,Nabiye 11-23,6,3
ABWI100092506603W400,Nabiye 11-23,7,2
ABWI100092606603W400,Nabiye 11-23,5,2
ABWI100100706602W400,Nabiye 11-23,5,2
ABWI100101206603W400,Nabiye 11-23,4,2
ABWI100101306603W400,Nabiye 11-23,6,3
ABWI100101806602W400,Nabiye 11-23,4,1
ABWI100103506603W400,Nabiye 11-23,6,2
ABWI100103606603W400,Nabiye 11-23,0,0
ABWI100103606603W402,Nabiye 11-23,2,1
ABWI100112306603W400,Nabiye 11-23,6,3
ABWI100112606603W400,Nabiye 11-23,6,2
ABWI100113106602W400,Nabiye 11-23,4,3
ABWI100121306603W400,Nabiye 11-23,7,2
ABWI100122406603W400,Nabiye 11-23,7,3
ABWI100132506603W400,Nabiye 11-23,5,2
ABWI100133006602W400,Nabiye 11-23,7,3
ABWI100141306603W400,Nabiye 11-23,7,2
ABWI100142506603W400,Nabiye 11-23,7,1
ABWI100142606603W400,Nabiye 11-23,4,1
ABWI100142606603W402,Nabiye 11-23,1,1
ABWI100143606603W400,Nabiye 11-23,6,2
ABWI100150706602W400,Nabiye 11-23,5,2
ABWI100151206603W400,Nabiye 11-23,7,2
ABWI100151406603W402,Nabiye 11-23,5,2
ABWI100152406603W400,Nabiye 11-23,8,4
ABWI100152506603W400,Nabiye 11-23,5,1
ABWI100152606603W400,Nabiye 11-23,5,3
ABWI100153506603W400,Nabiye 11-23,6,2
ABWI100161106603W400,Nabiye 11-23,6,2
ABWI100161306603W400,Nabiye 11-23,6,2
ABWI100161406603W400,Nabiye 11-23,8,2
ABWI100162306603W400,Nabiye 11-23,4,1
ABWI100162406603W400,Nabiye 11-23,6,3
ABWI100162506603W400,Nabiye 11-23,7,3
ABWI100162606603W400,Nabiye 11-23,5,2
ABWI102010106603W400,Nabiye 11-23,6,2
ABWI102011106603W400,Nabiye 11-23,6,2
ABWI102011206603W400,Nabiye 11-23,5,3
ABWI102012306603W400,Nabiye 11-23,8,3
ABWI102012406603W400,Nabiye 11-23,5,1
ABWI102012506603W400,Nabiye 11-23,4,0
ABWI102021306603W400,Nabiye 11-23,6,2
ABWI102021806602W400,Nabiye 11-23,6,2
ABWI102023006602W400,Nabiye 11-23,5,1
ABWI102023506603W400,Nabiye 11-23,4,1
ABWI102023506603W402,Nabiye 11-23,2,1
ABWI102023606603W400,Nabiye 11-23,8,2
ABWI102031206603W400,Nabiye 11-23,4,1
ABWI102032306603W400,Nabiye 11-23,6,2
ABWI102032406603W400,Nabiye 11-23,7,2
ABWI102033606603W402,Nabiye 11-23,6,4
ABWI102041306603W402,Nabiye 11-23,5,2
ABWI102042406603W400,Nabiye 11-23,4,2
ABWI102043106602W400,Nabiye 11-23,8,3
ABWI102043606603W400,Nabiye 11-23,6,2
ABWI102051906602W400,Nabiye 11-23,5,1
ABWI102052406603W400,Nabiye 11-23,5,3
ABWI102052506603W400,Nabiye 11-23,6,2
ABWI102062306603W400,Nabiye 11-23,7,2
ABWI102062406603W400,Nabiye 11-23,4,2
ABWI102063106602W400,Nabiye 11-23,7,1
ABWI102063606603W400,Nabiye 11-23,7,2
ABWI102070106603W400,Nabiye 11-23,5,3
ABWI102071306603W400,Nabiye 11-23,4,1
ABWI102071806602W400,Nabiye 11-23,4,2
ABWI102073606603W400,Nabiye 11-23,4,0
ABWI102080106603W400,Nabiye 11-23,5,1
ABWI102082506603W400,Nabiye 11-23,7,3
ABWI102082606603W400,Nabiye 11-23,6,2
ABWI102090106603W400,Nabiye 11-23,7,3
ABWI102091206603W400,Nabiye 11-23,7,2
ABWI102091306603W400,Nabiye 11-23,6,2
ABWI102092506603W400,Nabiye 11-23,6,2
ABWI102092606603W400,Nabiye 11-23,6,2
ABWI102100706602W402,Nabiye 11-23,6,3
ABWI102101206603W400,Nabiye 11-23,8,2
ABWI102101306603W400,Nabiye 11-23,7,2
ABWI102103506603W402,Nabiye 11-23,4,2
ABWI102103606603W400,Nabiye 11-23,6,1
ABWI102111106603W400,Nabiye 11-23,6,2
ABWI102111206603W400,Nabiye 11-23,5,2
ABWI102112306603W400,Nabiye 11-23,5,1
ABWI102112406603W400,Nabiye 11-23,5,1
ABWI102112606603W400,Nabiye 11-23,6,2
ABWI102113606603W400,Nabiye 11-23,5,0
ABWI102121306603W400,Nabiye 11-23,5,1
ABWI102121906602W400,Nabiye 11-23,5,0
ABWI102122406603W400,Nabiye 11-23,6,1
ABWI102122506603W400,Nabiye 11-23,4,2
ABWI102132506603W400,Nabiye 11-23,5,1
ABWI102140206603W400,Nabiye 11-23,7,3
ABWI102141306603W400,Nabiye 11-23,8,0
ABWI102142506603W400,Nabiye 11-23,5,2
ABWI102142606603W400,Nabiye 11-23,3,0
ABWI102143106602W400,Nabiye 11-23,4,2
ABWI102143606603W400,Nabiye 11-23,4,1
ABWI102150706602W400,Nabiye 11-23,4,2
ABWI102151206603W400,Nabiye 11-23,7,1
ABWI102151406603W402,Nabiye 11-23,5,3
ABWI102151906602W400,Nabiye 11-23,7,3
ABWI102152406603W400,Nabiye 11-23,6,3
ABWI102153506603W400,Nabiye 11-23,6,1
ABWI102153606603W400,Nabiye 11-23,4,2
ABWI102161106603W400,Nabiye 11-23,4,3
ABWI102161206603W400,Nabiye 11-23,6,2
ABWI102161306603W400,Nabiye 11-23,5,4
ABWI102161406603W400,Nabiye 11-23,5,2
ABWI102162306603W400,Nabiye 11-23,6,1
ABWI102162406603W400,Nabiye 11-23,5,2
ABWI103010106603W400,Nabiye 11-23,7,2
ABWI103011306603W400,Nabiye 11-23,8,2
ABWI103021306603W400,Nabiye 11-23,4,2
ABWI103022506603W400,Nabiye 11-23,5,2
ABWI103023006602W400,Nabiye 11-23,1,0
ABWI103031106603W400,Nabiye 11-23,4,2
ABWI103032006603W400,Nabiye 11-23,1,1
ABWI103033606603W400,Nabiye 11-23,6,0
ABWI103043106602W400,Nabiye 11-23,2,1
ABWI103052506603W400,Nabiye 11-23,7,3
ABWI103061206603W400,Nabiye 11-23,6,2
ABWI103062406603W400,Nabiye 11-23,7,1
ABWI103063106602W402,Nabiye 11-23,2,2
ABWI103063606603W400,Nabiye 11-23,5,0
ABWI103071306603W400,Nabiye 11-23,8,3
ABWI103073506603W400,Nabiye 11-23,5,2
ABWI103073606603W400,Nabiye 11-23,4,0
ABWI103081106603W400,Nabiye 11-23,6,2
ABWI103081206603W400,Nabiye 11-23,2,1
ABWI103081306603W400,Nabiye 11-23,7,3
ABWI103082506603W400,Nabiye 11-23,8,1
ABWI103090106603W400,Nabiye 11-23,6,3
ABWI103091106603W400,Nabiye 11-23,6,2
ABWI103092506603W400,Nabiye 11-23,4,2
ABWI103103506603W400,Nabiye 11-23,5,1
ABWI103112406603W400,Nabiye 11-23,7,4
ABWI103113606603W400,Nabiye 11-23,6,4
ABWI103121206603W402,Nabiye 11-23,8,3
ABWI103121906602W400,Nabiye 11-23,3,1
ABWI103122506603W400,Nabiye 11-23,5,2
ABWI103131306603W400,Nabiye 11-23,7,2
ABWI103132506603W400,Nabiye 11-23,5,1
ABWI103140106603W400,Nabiye 11-23,6,1
ABWI103143106602W400,Nabiye 11-23,4,2
ABWI103143606603W400,Nabiye 11-23,5,3
ABWI103151206603W400,Nabiye 11-23,5,2
ABWI103152406603W400,Nabiye 11-23,5,3
ABWI103153506603W402,Nabiye 11-23,3,1
ABWI103153606603W400,Nabiye 11-23,5,0
ABWI103160206603W400,Nabiye 11-23,7,3
ABWI103161206603W400,Nabiye 11-23,3,1
ABWI103162406603W400,Nabiye 11-23,6,4
ABWI104011306603W400,Nabiye 11-23,7,2
ABWI104021306603W400,Nabiye 11-23,5,1
ABWI104022506603W400,Nabiye 11-23,7,2
ABWI104023006602W400,Nabiye 11-23,0,0
ABWI104023506603W400,Nabiye 11-23,3,1
ABWI104031106603W400,Nabiye 11-23,5,2
ABWI104032006603W400,Nabiye 11-23,1,1
ABWI104033606603W400,Nabiye 11-23,7,2
ABWI104042406603W400,Nabiye 11-23,7,2
ABWI104061106603W400,Nabiye 11-23,5,2
ABWI104061206603W400,Nabiye 11-23,7,1
ABWI104062406603W400,Nabiye 11-23,8,1
ABWI104063606603W400,Nabiye 11-23,5,2
ABWI104071306603W400,Nabiye 11-23,5,3
ABWI104073506603W400,Nabiye 11-23,3,2
ABWI104081106603W400,Nabiye 11-23,6,2
ABWI104081206603W400,Nabiye 11-23,4,2
ABWI104081306603W400,Nabiye 11-23,5,2
ABWI104082506603W400,Nabiye 11-23,3,2
ABWI104090106603W400,Nabiye 11-23,6,3
ABWI104092506603W400,Nabiye 11-23,4,3
ABWI104112406603W400,Nabiye 11-23,5,2
ABWI104121206603W400,Nabiye 11-23,7,2
ABWI104122506603W400,Nabiye 11-23,5,2
ABWI104132506603W400,Nabiye 11-23,6,3
ABWI104140106603W400,Nabiye 11-23,6,1
ABWI104143606603W400,Nabiye 11-23,5,2
ABWI104151206603W400,Nabiye 11-23,6,2
ABWI104151906602W400,Nabiye 11-23,4,2
ABWI104152406603W400,Nabiye 11-23,5,2
ABWI104153606603W400,Nabiye 11-23,3,1
ABWI104160206603W400,Nabiye 11-23,7,1
ABWI104161206603W400,Nabiye 11-23,8,1
ABWI104162406603W400,Nabiye 11-23,7,3
ABWI105011306603W400,Nabiye 11-23,4,0
ABWI105023506603W400,Nabiye 11-23,3,3
ABWI105033606603W400,Nabiye 11-23,7,3
ABWI105041206603W400,Nabiye 11-23,5,2
ABWI105051206603W400,Nabiye 11-23,5,3
ABWI105061106603W400,Nabiye 11-23,6,2
ABWI105062406603W400,Nabiye 11-23,7,3
ABWI105073506603W400,Nabiye 11-23,1,1
ABWI105081306603W400,Nabiye 11-23,5,3
ABWI105091206603W402,Nabiye 11-23,5,2
ABWI105110806603W400,Nabiye 11-23,1,1
ABWI105112406603W400,Nabiye 11-23,7,3
ABWI105122506603W400,Nabiye 11-23,6,2
ABWI105130106603W400,Nabiye 11-23,5,3
ABWI105131306603W400,Nabiye 11-23,7,3
ABWI105151906602W402,Nabiye 11-23,0,0
ABWI105153606603W400,Nabiye 11-23,6,1
ABWI105160106603W400,Nabiye 11-23,6,3
ABWI105161206603W400,Nabiye 11-23,8,1
ABWI106011306603W400,Nabiye 11-23,4,3
ABWI106041206603W400,Nabiye 11-23,6,1
ABWI106042406603W400,Nabiye 11-23,5,3
ABWI106062406603W400,Nabiye 11-23,7,2
ABWI106081306603W400,Nabiye 11-23,6,1
ABWI106112406603W400,Nabiye 11-23,3,1
ABWI106122506603W400,Nabiye 11-23,4,1
ABWI106130106603W400,Nabiye 11-23,6,2
ABWI106160106603W402,Nabiye 11-23,7,3
ABWI107051206603W400,Nabiye 11-23,6,2
ABWI107062406603W400,Nabiye 11-23,8,3
ABWI107112406603W400,Nabiye 11-23,6,2
ABWI107122506603W400,Nabiye 11-23,5,2
ABWI107130106603W400,Nabiye 11-23,6,4
ABWI108051206603W400,Nabiye 11-23,8,1
ABWI108130106603W400,Nabiye 11-23,5,1
ABWI110060806603W400,Nabiye 11-23,1,0
ABWI110131706603W400,Nabiye 11-23,1,1
ABWI111060806603W400,Nabiye 11-23,0,0
ABWI111131706603W400,Nabiye 11-23,0,0
ABWI112060806603W400,Nabiye 11-23,0,0
ABWI112131706603W400,Nabiye 11-23,1,1
ABWI113121706603W400,Nabiye 11-23,0,0
ABWI114121706603W400,Nabiye 11-23,1,0
ABWI115121706603W400,Nabiye 11-23,0,0
ABWI115131706603W400,Nabiye 11-23,1,1
ABWI116131706603W400,Nabiye 11-23,0,0
ABWI119120806603W400,Nabiye 11-23,1,1
ABWI120120806603W400,Nabiye 11-23,0,0
ABWI121120806603W400,Nabiye 11-23,0,0
ABWI122120806603W400,Nabiye 11-23,0,0
ABWI123120806603W400,Nabiye 11-23,0,0
ABWI124120806603W400,Nabiye 11-23,0,0
ABWI1W0042406603W400,Nabiye 11-23,6,3
ABWI1W0051306603W400,Nabiye 11-23,6,2
ABWI1W0121706603W400,Nabiye 11-23,0,0
